id,area,feature,applicability,status,last_run,commit,evidence,history
ENG-INV-01,ENGINE,Build 3 invariant 1,APPLIES,NOT_TESTED,,,,
ENG-INV-02,ENGINE,Build 3 invariant 2,APPLIES,NOT_TESTED,,,,
ENG-INV-03,ENGINE,Build 3 invariant 3,APPLIES,NOT_TESTED,,,,
ENG-INV-04,ENGINE,Build 3 invariant 4,APPLIES,NOT_TESTED,,,,
ENG-INV-05,ENGINE,Build 3 invariant 5,APPLIES,NOT_TESTED,,,,
ENG-INV-06,ENGINE,Build 3 invariant 6,APPLIES,NOT_TESTED,,,,
ENG-INV-07,ENGINE,Build 3 invariant 7,APPLIES,NOT_TESTED,,,,
ENG-INV-08,ENGINE,Build 3 invariant 8,APPLIES,NOT_TESTED,,,,
ENG-INV-09,ENGINE,Build 3 invariant 9,APPLIES,NOT_TESTED,,,,
ENG-INV-10,ENGINE,Build 3 invariant 10,APPLIES,NOT_TESTED,,,,
ENG-INV-11,ENGINE,Build 3 invariant 11,APPLIES,NOT_TESTED,,,,
ENG-INV-12,ENGINE,Build 3 invariant 12,APPLIES,NOT_TESTED,,,,
ENG-INV-13,ENGINE,Build 3 invariant 13,APPLIES,NOT_TESTED,,,,
ENG-INV-14,ENGINE,Build 3 invariant 14,APPLIES,NOT_TESTED,,,,
ENG-SEM-B1,ENGINE,Trading authority B1,APPLIES,NOT_TESTED,,,,
ENG-SEM-B2,ENGINE,Trading authority B2,APPLIES,NOT_TESTED,,,,
ENG-SEM-B3,ENGINE,Trading authority B3,APPLIES,NOT_TESTED,,,,
ENG-SEM-B4,ENGINE,Trading authority B4,APPLIES,NOT_TESTED,,,,
ENG-001,ENGINE,Repeated leader ADDs converge to target,APPLIES,NOT_TESTED,,,,
ENG-002,ENGINE,Proportional mode end-to-end,APPLIES,NOT_TESTED,,,,
ENG-003,ENGINE,Fixed mode end-to-end,OPEN_DECISION,NOT_TESTED,,,,
ENG-004,ENGINE,Unit semantics target delta -> order size,APPLIES,NOT_TESTED,,,,
ENG-005,ENGINE,Multi-wallet aggregation (account-net),APPLIES,NOT_TESTED,,,,
ENG-006,ENGINE,Multi-DEX / HIP-3 truth,APPLIES,FAIL,run1,9eb2d40,B1: per-DEX sequential reads (~0.52 s each across 268 DEXes); one --once cycle did not finish in 120 s (once_fh.txt).,run1@9eb2d40:FAIL
ENG-007,ENGINE,Restart / gap recovery,APPLIES,NOT_TESTED,,,,
ENG-008,ENGINE,Pre-existing unrelated inventory preserved,APPLIES,NOT_TESTED,,,,
ENG-009,ENGINE,Event-lineage persistence rules,APPLIES,NOT_TESTED,,,,
ENG-010,ENGINE,Account-net truth only,APPLIES,NOT_TESTED,,,,
ENG-011,ENGINE,In-flight suppression,APPLIES,NOT_TESTED,,,,
ENG-012,ENGINE,Low-latency copy,OPEN_DECISION,NOT_TESTED,,,,
ENG-013,ENGINE,Deterministic audit trail,APPLIES,NOT_TESTED,,,,
ENG-014,ENGINE,Dropped/duplicated/reordered events,APPLIES,NOT_TESTED,,,,
ENG-015,ENGINE,Sign flip handling,APPLIES,NOT_TESTED,,,,
ENG-016,ENGINE,Build 4 leftovers on the shared follower account,APPLIES,NOT_TESTED,,,,
PRICE-001,PRICING,Authoritative mark for OPEN/INCREASE/FLIP,APPLIES,FAIL,run1,9eb2d40,"B1: allMids refresh across all DEXes took ~140 s, so every mid was older than the 5 s bound and every entry unpriceable.",run1@9eb2d40:FAIL
PRICE-002,PRICING,Public quote freshness,APPLIES,NOT_TESTED,,,,
PRICE-003,PRICING,Entry price bound,OPEN_DECISION,NOT_TESTED,,,,
PRICE-004,PRICING,PRICE_WAIT,OPEN_DECISION,NOT_TESTED,,,,
PRICE-005,PRICING,Reduction/close never trapped by entry protection,APPLIES,NOT_TESTED,,,,
PRICE-006,PRICING,Adverse-diff measure is meaningful,APPLIES,NOT_TESTED,,,,
PRICE-007,PRICING,Marketable slippage,APPLIES,NOT_TESTED,,,,
PRICE-008,PRICING,Close adverse diff,OPEN_DECISION,NOT_TESTED,,,,
ORD-001,ORDER,Single sender / single gate,APPLIES,PASS,run3b,ab7f2b0,Every exchange order id matches an engine send attempt; no unknown orders.,run3b@ab7f2b0:PASS
ORD-002,ORDER,reduce_only correctness,APPLIES,NOT_TESTED,,,,
ORD-003,ORDER,Minimum notional,OPEN_DECISION,NOT_TESTED,,,,
ORD-004,ORDER,Size rounding,OPEN_DECISION,NOT_TESTED,,,,
ORD-005,ORDER,Exactly-once execution identity,APPLIES,PASS,run3b,ab7f2b0,"No duplicate sends; 2,908 duplicate leader fills blocked before send.",run3b@ab7f2b0:PASS
ORD-006,ORDER,Pre-send reservation,APPLIES,NOT_TESTED,,,,
ORD-007,ORDER,Per-run send limit,OPEN_DECISION,NOT_TESTED,,,,
ORD-008,ORDER,Exchange preflight,APPLIES,NOT_TESTED,,,,
ORD-009,ORDER,Signing key valid on follower network,APPLIES,FAIL,run3a,ab7f2b0,F4/F5: no start-up check that the signer is approved on the follower network; the definite rejection 'User or API Wallet ... does not exist' was recorded as ORDER_UNKNOWN / SEND_OUTCOME_REVIEW_REQUIRED instead of a terminal reject.,run3a@ab7f2b0:FAIL
SET-001,SETTLE,ACK is not settlement,APPLIES,NOT_TESTED,,,,
SET-002,SETTLE,Settlement on MASTER across all DEX scopes,APPLIES,NOT_TESTED,,,,
SET-003,SETTLE,Terminal reject clears safely,APPLIES,NOT_TESTED,,,,
SET-004,SETTLE,Partial fill,APPLIES,NOT_TESTED,,,,
SET-005,SETTLE,Crash before oid,APPLIES,NOT_TESTED,,,,
SET-006,SETTLE,Reconciliation gate before authority,APPLIES,NOT_TESTED,,,,
SET-007,SETTLE,Testnet entry certification,APPLIES,NOT_TESTED,,,,
SET-008,SETTLE,Testnet exit certification,APPLIES,NOT_TESTED,,,,
RISK-001,RISK,Global control: Max total live exposure ($),APPLIES,NOT_TESTED,,,,
RISK-002,RISK,Global control: Max per-asset directional exposure ($),APPLIES,NOT_TESTED,,,,
RISK-003,RISK,Global control: Max per-wallet exposure ($),APPLIES,NOT_TESTED,,,,
RISK-004,RISK,Global control: Max per-order notional ($),APPLIES,PASS,run3b,ab7f2b0,No order over the $50 max-order cap; the cap fired once.,run3b@ab7f2b0:PASS
RISK-005,RISK,Global control: Marketable slippage %,APPLIES,NOT_TESTED,,,,
RISK-006,RISK,Global control: Adverse close diff %,APPLIES,NOT_TESTED,,,,
RISK-007,RISK,Global control: Symbol allowlist,APPLIES,NOT_TESTED,,,,
RISK-008,RISK,Global control: Symbol blocklist,APPLIES,NOT_TESTED,,,,
RISK-009,RISK,Per-wallet daily loss limit,OPEN_DECISION,NOT_TESTED,,,,
RISK-010,RISK,Per-wallet max diff %,OPEN_DECISION,NOT_TESTED,,,,
RISK-011,RISK,Live wallet cap,OPEN_DECISION,NOT_TESTED,,,,
RISK-012,RISK,Global safe stop,OPEN_DECISION,NOT_TESTED,,,,
RISK-013,RISK,Live / paper / testnet mode boundaries,OPEN_DECISION,NOT_TESTED,,,,
RISK-014,RISK,Stale/uncertain state containment,APPLIES,NOT_TESTED,,,,
RISK-015,RISK,Emergency close only where intended,APPLIES,NOT_TESTED,,,,
RISK-016,RISK,Manual order cap,APPLIES,NOT_TESTED,,,,
UI-WALLET-001,WALLET,Add a leader wallet,APPLIES,NOT_TESTED,,,,
UI-WALLET-002,WALLET,Remove / archive a leader wallet,OPEN_DECISION,NOT_TESTED,,,,
UI-WALLET-003,WALLET,Enable a leader wallet (LIVE),APPLIES,NOT_TESTED,,,,
UI-WALLET-004,WALLET,Disable a leader wallet,APPLIES,NOT_TESTED,,,,
UI-WALLET-005,WALLET,Close-only a leader wallet (CLO),APPLIES,NOT_TESTED,,,,
UI-WALLET-006,WALLET,Copy model proportional/fixed,OPEN_DECISION,NOT_TESTED,,,,
UI-WALLET-007,WALLET,Norm base (N),APPLIES,NOT_TESTED,,,,
UI-WALLET-008,WALLET,Fixed notional (F),OPEN_DECISION,NOT_TESTED,,,,
UI-WALLET-009,WALLET,Leader equity base (B),APPLIES,NOT_TESTED,,,,
UI-WALLET-010,WALLET,Wallet status and position/target representation,APPLIES,NOT_TESTED,,,,
UI-WALLET-011,WALLET,Persistence and restart,APPLIES,NOT_TESTED,,,,
UI-WALLET-012,WALLET,Invalid input handling,APPLIES,NOT_TESTED,,,,
UI-WALLET-013,WALLET,USER/account wallet can never be enabled,APPLIES,NOT_TESTED,,,,
UI-WALLET-014,WALLET,Two mode writers agree,OPEN_DECISION,NOT_TESTED,,,,
UI-WALLET-015,WALLET,PURGE (admin),OPEN_DECISION,NOT_TESTED,,,,
UI-WALLET-016,WALLET,Include in portfolio (INC),APPLIES,NOT_TESTED,,,,
UI-WALLET-017,WALLET,Wallet meta (tag/colour/note),APPLIES,NOT_TESTED,,,,
UI-WALLET-018,WALLET,Duplicate add / re-add archived,APPLIES,NOT_TESTED,,,,
UI-WALLET-019,WALLET,Wallet subscription coverage,APPLIES,NOT_TESTED,,,,
UI-LCC-HDR-01,UI,Command Centre header: Wallets n / 10,APPLIES,NOT_TESTED,,,,
UI-LCC-HDR-02,UI,Command Centre header: Mode counts,APPLIES,NOT_TESTED,,,,
UI-LCC-HDR-03,UI,Command Centre header: Real order sending,APPLIES,NOT_TESTED,,,,
UI-LCC-HDR-04,UI,Command Centre header: WS overall,APPLIES,NOT_TESTED,,,,
UI-LCC-HDR-05,UI,Command Centre header: REAL ORDERS safety pill,APPLIES,NOT_TESTED,,,,
UI-LCC-HDR-06,UI,Command Centre header: Status message line,APPLIES,NOT_TESTED,,,,
UI-LCC-BTN-01,UI,Command Centre button: Refresh,APPLIES,NOT_TESTED,,,,
UI-LCC-BTN-02,UI,Command Centre button: Global Controls (toggle),APPLIES,NOT_TESTED,,,,
UI-LCC-BTN-03,UI,Command Centre button: Add wallet (opens modal),APPLIES,NOT_TESTED,,,,
UI-LCC-BTN-04,UI,Command Centre button: Global Controls close,APPLIES,NOT_TESTED,,,,
UI-LCC-BTN-05,UI,Command Centre button: Save Global Controls,APPLIES,NOT_TESTED,,,,
UI-LCC-CARD-01,UI,Real Account card: Portfolio Value,APPLIES,NOT_TESTED,,,,
UI-LCC-CARD-02,UI,Real Account card: Unrealized PnL,APPLIES,NOT_TESTED,,,,
UI-LCC-CARD-03,UI,Real Account card: Realized PnL,APPLIES,NOT_TESTED,,,,
UI-LCC-CARD-04,UI,Real Account card: Open Positions,APPLIES,NOT_TESTED,,,,
UI-LCC-CARD-05,UI,Real Account card: Live Exposure,APPLIES,NOT_TESTED,,,,
UI-LCC-CARD-06,UI,Real Account card: Last Fill,APPLIES,NOT_TESTED,,,,
UI-LCC-CARD-07,UI,Real Account card: Last Reject,APPLIES,NOT_TESTED,,,,
UI-LCC-GRAPH-01,UI,Live graph control: Account mode,APPLIES,NOT_TESTED,,,,
UI-LCC-GRAPH-02,UI,Live graph control: Selected Wallet PnL mode,APPLIES,NOT_TESTED,,,,
UI-LCC-GRAPH-03,UI,Live graph control: Exposure mode,APPLIES,NOT_TESTED,,,,
UI-LCC-GRAPH-04,UI,Live graph control: 1D,APPLIES,NOT_TESTED,,,,
UI-LCC-GRAPH-05,UI,Live graph control: 7D,APPLIES,NOT_TESTED,,,,
UI-LCC-GRAPH-06,UI,Live graph control: ALL,APPLIES,NOT_TESTED,,,,
UI-LCC-GRAPH-07,UI,Live graph control: Start datetime,APPLIES,NOT_TESTED,,,,
UI-LCC-GRAPH-08,UI,Live graph control: End datetime,APPLIES,NOT_TESTED,,,,
UI-LCC-GRAPH-09,UI,Live graph control: Apply,APPLIES,NOT_TESTED,,,,
UI-LCC-GRAPH-10,UI,Live graph control: Reset,APPLIES,NOT_TESTED,,,,
UI-LCC-GRAPH-11,UI,Live graph control: Total PnL line,APPLIES,NOT_TESTED,,,,
UI-LCC-GRAPH-12,UI,Live graph control: Realized PnL line,APPLIES,NOT_TESTED,,,,
UI-LCC-GRAPH-13,UI,Live graph control: Drawdown line,APPLIES,NOT_TESTED,,,,
UI-LCC-GRAPH-14,UI,Live graph control: Y axis labels,APPLIES,NOT_TESTED,,,,
UI-LCC-GRAPH-15,UI,Live graph control: X axis ticks,APPLIES,NOT_TESTED,,,,
UI-LCC-GRAPH-16,UI,Live graph control: Subtitle point counts,APPLIES,NOT_TESTED,,,,
UI-LCC-WTBL-01,UI,Live Copy Wallets column: Wallet (+LIVE COPY/TRACKED/HISTORICAL),APPLIES,NOT_TESTED,,,,
UI-LCC-WTBL-02,UI,"Live Copy Wallets column: Mode / Health (mode, eligibility, WS pill)",APPLIES,NOT_TESTED,,,,
UI-LCC-WTBL-03,UI,Live Copy Wallets column: Live PnL R/U/Net + PnL status,APPLIES,NOT_TESTED,,,,
UI-LCC-WTBL-04,UI,Live Copy Wallets column: Lead<->Copy Diff Total/Avg/Avg bps/Worst bps,APPLIES,NOT_TESTED,,,,
UI-LCC-WTBL-05,UI,Live Copy Wallets column: Execution filled/exits/rejects/blocks,APPLIES,NOT_TESTED,,,,
UI-LCC-WTBL-06,UI,Live Copy Wallets column: Risk/Exposure exposure/open pos/DD/MaxDD,APPLIES,NOT_TESTED,,,,
UI-LCC-WTBL-07,UI,Live Copy Wallets column: Last Fill,APPLIES,NOT_TESTED,,,,
UI-LCC-WTBL-08,UI,Live Copy Wallets column: Controls mode select,APPLIES,NOT_TESTED,,,,
UI-LCC-WTBL-09,UI,Live Copy Wallets column: Controls copy model select,APPLIES,NOT_TESTED,,,,
UI-LCC-WTBL-10,UI,Live Copy Wallets column: Controls F/N/B inputs,APPLIES,NOT_TESTED,,,,
UI-LCC-WTBL-11,UI,Live Copy Wallets column: Save,APPLIES,NOT_TESTED,,,,
UI-LCC-WTBL-12,UI,Live Copy Wallets column: CLO,APPLIES,NOT_TESTED,,,,
UI-LCC-WTBL-13,UI,Live Copy Wallets column: OFF,APPLIES,NOT_TESTED,,,,
UI-LCC-WTBL-14,UI,Live Copy Wallets column: Archive,APPLIES,NOT_TESTED,,,,
UI-LCC-DETAIL-01,UI,Wallet detail section: A Live Performance,APPLIES,NOT_TESTED,,,,
UI-LCC-DETAIL-02,UI,Wallet detail section: B Open Positions (Coin/Side/Size/Entry/Mark/uPnL/Exposure/Exchange match),APPLIES,NOT_TESTED,,,,
UI-LCC-DETAIL-03,UI,Wallet detail section: C Lead vs Copy / Friction,APPLIES,NOT_TESTED,,,,
UI-LCC-DETAIL-04,UI,Wallet detail section: D Execution Audit,APPLIES,NOT_TESTED,,,,
UI-LCC-POS-01,UI,Real Copy Positions column: Coin,SUPERSEDED,NOT_TESTED,,,,
UI-LCC-POS-02,UI,Real Copy Positions column: Side,SUPERSEDED,NOT_TESTED,,,,
UI-LCC-POS-03,UI,Real Copy Positions column: Ledger size,SUPERSEDED,NOT_TESTED,,,,
UI-LCC-POS-04,UI,Real Copy Positions column: Exchange size,SUPERSEDED,NOT_TESTED,,,,
UI-LCC-POS-05,UI,Real Copy Positions column: Entry px,SUPERSEDED,NOT_TESTED,,,,
UI-LCC-POS-06,UI,Real Copy Positions column: Mark px,SUPERSEDED,NOT_TESTED,,,,
UI-LCC-POS-07,UI,Real Copy Positions column: Pos value,SUPERSEDED,NOT_TESTED,,,,
UI-LCC-POS-08,UI,Real Copy Positions column: Unrealized PnL,SUPERSEDED,NOT_TESTED,,,,
UI-LCC-POS-09,UI,Real Copy Positions column: Leader wallet,SUPERSEDED,NOT_TESTED,,,,
UI-LCC-POS-10,UI,Real Copy Positions column: Status,SUPERSEDED,NOT_TESTED,,,,
UI-LCC-POS-11,UI,Real Copy Positions column: Last OID,SUPERSEDED,NOT_TESTED,,,,
UI-LCC-POS-12,UI,Real Copy Positions column: Last updated,SUPERSEDED,NOT_TESTED,,,,
UI-LCC-EXQ-01,UI,Execution Quality column: Time,APPLIES,NOT_TESTED,,,,
UI-LCC-EXQ-02,UI,Execution Quality column: Wallet,APPLIES,NOT_TESTED,,,,
UI-LCC-EXQ-03,UI,Execution Quality column: Coin,APPLIES,NOT_TESTED,,,,
UI-LCC-EXQ-04,UI,Execution Quality column: Side,APPLIES,NOT_TESTED,,,,
UI-LCC-EXQ-05,UI,Execution Quality column: Status,APPLIES,NOT_TESTED,,,,
UI-LCC-EXQ-06,UI,Execution Quality column: Limit px,APPLIES,NOT_TESTED,,,,
UI-LCC-EXQ-07,UI,Execution Quality column: Fill avg px,APPLIES,NOT_TESTED,,,,
UI-LCC-EXQ-08,UI,Execution Quality column: Size,APPLIES,NOT_TESTED,,,,
UI-LCC-EXQ-09,UI,Execution Quality column: OID,APPLIES,NOT_TESTED,,,,
UI-LCC-EXQ-10,UI,Execution Quality column: Fill-vs-limit %,APPLIES,NOT_TESTED,,,,
UI-LCC-EXQ-11,UI,Execution Quality column: Leader-vs-user %,APPLIES,NOT_TESTED,,,,
UI-LCC-EXQ-12,UI,Execution Quality column: Market slip %,APPLIES,NOT_TESTED,,,,
UI-LCC-EXQ-13,UI,Execution Quality column: Error,APPLIES,NOT_TESTED,,,,
UI-LCC-AUD-01,UI,Order Intents / Audit column: Time,APPLIES,NOT_TESTED,,,,
UI-LCC-AUD-02,UI,Order Intents / Audit column: Wallet,APPLIES,NOT_TESTED,,,,
UI-LCC-AUD-03,UI,Order Intents / Audit column: Coin,APPLIES,NOT_TESTED,,,,
UI-LCC-AUD-04,UI,Order Intents / Audit column: Side,APPLIES,NOT_TESTED,,,,
UI-LCC-AUD-05,UI,Order Intents / Audit column: Source/Reason,APPLIES,NOT_TESTED,,,,
UI-LCC-AUD-06,UI,Order Intents / Audit column: Status,APPLIES,NOT_TESTED,,,,
UI-LCC-AUD-07,UI,Order Intents / Audit column: Decision,APPLIES,NOT_TESTED,,,,
UI-LCC-AUD-08,UI,Order Intents / Audit column: Decision reason,APPLIES,NOT_TESTED,,,,
UI-LCC-AUD-09,UI,Order Intents / Audit column: Suggested limit,APPLIES,NOT_TESTED,,,,
UI-LCC-AUD-10,UI,Order Intents / Audit column: Diff %,APPLIES,NOT_TESTED,,,,
UI-LCC-AUD-11,UI,Order Intents / Audit column: Manual?,APPLIES,NOT_TESTED,,,,
UI-LCC-AUD-12,UI,Order Intents / Audit column: Intent note,APPLIES,NOT_TESTED,,,,
UI-LCC-AUD-13,UI,Order Intents / Audit column: Real order result,APPLIES,NOT_TESTED,,,,
UI-LCC-REC-01,UI,Reconciliation column: Severity,APPLIES,NOT_TESTED,,,,
UI-LCC-REC-02,UI,Reconciliation column: Wallet,APPLIES,NOT_TESTED,,,,
UI-LCC-REC-03,UI,Reconciliation column: Coin,APPLIES,NOT_TESTED,,,,
UI-LCC-REC-04,UI,Reconciliation column: Issue,APPLIES,NOT_TESTED,,,,
UI-LCC-REC-05,UI,Reconciliation column: Count,APPLIES,NOT_TESTED,,,,
UI-LCC-REC-06,UI,Reconciliation column: Manual ledger,APPLIES,NOT_TESTED,,,,
UI-LCC-REC-07,UI,Reconciliation column: Exchange,APPLIES,NOT_TESTED,,,,
UI-LCC-REC-08,UI,Reconciliation column: Last intent,APPLIES,NOT_TESTED,,,,
UI-LCC-REC-09,UI,Reconciliation column: Last oid,APPLIES,NOT_TESTED,,,,
UI-LCC-REC-10,UI,Reconciliation column: Last updated,APPLIES,NOT_TESTED,,,,
UI-LCC-REC-11,UI,Reconciliation column: Action: Archive ledger row,SUPERSEDED,NOT_TESTED,,,,
UI-LCC-WS-01,UI,WS Health column: Wallet,APPLIES,NOT_TESTED,,,,
UI-LCC-WS-02,UI,WS Health column: Current,APPLIES,NOT_TESTED,,,,
UI-LCC-WS-03,UI,WS Health column: Grade,APPLIES,NOT_TESTED,,,,
UI-LCC-WS-04,UI,WS Health column: Thread,APPLIES,NOT_TESTED,,,,
UI-LCC-WS-05,UI,WS Health column: Reconnect/min,APPLIES,NOT_TESTED,,,,
UI-LCC-WS-06,UI,WS Health column: Processed,APPLIES,NOT_TESTED,,,,
UI-LCC-WS-07,UI,WS Health column: Raw msg,APPLIES,NOT_TESTED,,,,
UI-LCC-WS-08,UI,WS Health column: Parsed,APPLIES,NOT_TESTED,,,,
UI-LCC-WS-09,UI,WS Health column: Snap seen,APPLIES,NOT_TESTED,,,,
UI-LCC-WS-10,UI,WS Health column: Snap recovered,APPLIES,NOT_TESTED,,,,
UI-LCC-WS-11,UI,WS Health column: Ignored,APPLIES,NOT_TESTED,,,,
UI-LCC-WS-12,UI,WS Health column: Recent errors,APPLIES,NOT_TESTED,,,,
UI-LCC-WS-13,UI,WS Health column: Lifetime errors,APPLIES,NOT_TESTED,,,,
UI-LCC-WS-14,UI,WS Health column: Stale ms,APPLIES,NOT_TESTED,,,,
UI-LCC-WS-15,UI,WS Health column: Data status,APPLIES,NOT_TESTED,,,,
UI-LCC-WS-16,UI,WS Health column: Last close/error,APPLIES,NOT_TESTED,,,,
UI-LCC-TAB-01,UI,Tab: Real Copy Positions,APPLIES,NOT_TESTED,,,,
UI-LCC-TAB-02,UI,Tab: Execution Quality,APPLIES,NOT_TESTED,,,,
UI-LCC-TAB-03,UI,Tab: Order Intents / Audit,APPLIES,NOT_TESTED,,,,
UI-LCC-TAB-04,UI,Tab: Reconciliation,APPLIES,NOT_TESTED,,,,
UI-LCC-TAB-05,UI,Tab: WS Health,APPLIES,NOT_TESTED,,,,
UI-LCC-ADD-01,UI,Add-wallet modal field: Wallet address,APPLIES,NOT_TESTED,,,,
UI-LCC-ADD-02,UI,Add-wallet modal field: Initial mode,APPLIES,NOT_TESTED,,,,
UI-LCC-ADD-03,UI,Add-wallet modal field: Copy model,APPLIES,NOT_TESTED,,,,
UI-LCC-ADD-04,UI,Add-wallet modal field: Norm base,APPLIES,NOT_TESTED,,,,
UI-LCC-ADD-05,UI,Add-wallet modal field: Fixed notional,APPLIES,NOT_TESTED,,,,
UI-LCC-ADD-06,UI,Add-wallet modal field: Leader equity base,APPLIES,NOT_TESTED,,,,
UI-LCC-ADD-07,UI,Add-wallet modal field: Max diff %,APPLIES,NOT_TESTED,,,,
UI-LCC-ADD-08,UI,Add-wallet modal field: Daily loss,APPLIES,NOT_TESTED,,,,
UI-LCC-ADD-09,UI,Add-wallet modal field: Cancel,APPLIES,NOT_TESTED,,,,
UI-LCC-ADD-10,UI,Add-wallet modal field: Add wallet submit,APPLIES,NOT_TESTED,,,,
UI-SSOT-TOP-01,UI,Analytics top bar: Normalisation Base,APPLIES,NOT_TESTED,,,,
UI-SSOT-TOP-02,UI,Analytics top bar: Mode (proportional/fixed),APPLIES,NOT_TESTED,,,,
UI-SSOT-TOP-03,UI,Analytics top bar: Fixed $,APPLIES,NOT_TESTED,,,,
UI-SSOT-TOP-04,UI,Analytics top bar: Fee bps,APPLIES,NOT_TESTED,,,,
UI-SSOT-TOP-05,UI,Analytics top bar: Copy friction bps,APPLIES,NOT_TESTED,,,,
UI-SSOT-TOP-06,UI,Analytics top bar: Set,APPLIES,NOT_TESTED,,,,
UI-SSOT-TOP-07,UI,Analytics top bar: Current mode label,APPLIES,NOT_TESTED,,,,
UI-SSOT-TOP-08,UI,Analytics top bar: Updated timestamp,APPLIES,NOT_TESTED,,,,
UI-SSOT-TOP-09,UI,Analytics top bar: POLL badge,APPLIES,NOT_TESTED,,,,
UI-SSOT-CARD-01,UI,Analytics header card: PNL Lead/Copy/Delta,SUPERSEDED,NOT_TESTED,,,,
UI-SSOT-CARD-02,UI,Analytics header card: REALISED Lead/Copy,SUPERSEDED,NOT_TESTED,,,,
UI-SSOT-CARD-03,UI,Analytics header card: UNREALISED Lead/Copy,SUPERSEDED,NOT_TESTED,,,,
UI-SSOT-CARD-04,UI,Analytics header card: DRAWDOWN Lead DD/Copy DD/Copy Max,SUPERSEDED,NOT_TESTED,,,,
UI-SSOT-CARD-05,UI,Analytics header card: MAX DD Lead/Copy,SUPERSEDED,NOT_TESTED,,,,
UI-SSOT-CARD-06,UI,Analytics header card: EXPOSURE Open/Max/Base,SUPERSEDED,NOT_TESTED,,,,
UI-SSOT-CARD-07,UI,Analytics header card: COPYABILITY Avg trade %/$ /Avg pos/Req lev,SUPERSEDED,NOT_TESTED,,,,
UI-SSOT-CARD-08,UI,Analytics header card: ACTIVITY Fills/Exits/Open pos/Win,SUPERSEDED,NOT_TESTED,,,,
UI-SSOT-CARD-09,UI,Analytics header card: DB HEALTH status/cache/builds,SUPERSEDED,NOT_TESTED,,,,
UI-SSOT-TBL-01,UI,Analytics table column: WALLET,APPLIES,NOT_TESTED,,,,
UI-SSOT-TBL-02,UI,Analytics table column: LEAD EQ,APPLIES,NOT_TESTED,,,,
UI-SSOT-TBL-03,UI,Analytics table column: COPY EQ,APPLIES,NOT_TESTED,,,,
UI-SSOT-TBL-04,UI,Analytics table column: LEAD REAL,APPLIES,NOT_TESTED,,,,
UI-SSOT-TBL-05,UI,Analytics table column: COPY REAL,APPLIES,NOT_TESTED,,,,
UI-SSOT-TBL-06,UI,Analytics table column: LEAD UNREAL,APPLIES,NOT_TESTED,,,,
UI-SSOT-TBL-07,UI,Analytics table column: COPY UNREAL,APPLIES,NOT_TESTED,,,,
UI-SSOT-TBL-08,UI,Analytics table column: LEAD DD,APPLIES,NOT_TESTED,,,,
UI-SSOT-TBL-09,UI,Analytics table column: COPY DD,APPLIES,NOT_TESTED,,,,
UI-SSOT-TBL-10,UI,Analytics table column: LEAD MAXDD,APPLIES,NOT_TESTED,,,,
UI-SSOT-TBL-11,UI,Analytics table column: COPY MAXDD,APPLIES,NOT_TESTED,,,,
UI-SSOT-TBL-12,UI,Analytics table column: Delta $/%,APPLIES,NOT_TESTED,,,,
UI-SSOT-TBL-13,UI,Analytics table column: PNL/HR,APPLIES,NOT_TESTED,,,,
UI-SSOT-TBL-14,UI,Analytics table column: AVG TRADE %,APPLIES,NOT_TESTED,,,,
UI-SSOT-TBL-15,UI,Analytics table column: WIN%,APPLIES,NOT_TESTED,,,,
UI-SSOT-TBL-16,UI,Analytics table column: AVG POS $,APPLIES,NOT_TESTED,,,,
UI-SSOT-TBL-17,UI,Analytics table column: MAX POS $,APPLIES,NOT_TESTED,,,,
UI-SSOT-TBL-18,UI,Analytics table column: AVG NOTIONAL,APPLIES,NOT_TESTED,,,,
UI-SSOT-TBL-19,UI,Analytics table column: % >= $10,APPLIES,NOT_TESTED,,,,
UI-SSOT-TBL-20,UI,Analytics table column: REQ LEV,APPLIES,NOT_TESTED,,,,
UI-SSOT-TBL-21,UI,Analytics table column: FILLS L/C,APPLIES,NOT_TESTED,,,,
UI-SSOT-TBL-22,UI,Analytics table column: EXITS L/C,APPLIES,NOT_TESTED,,,,
UI-SSOT-TBL-23,UI,Analytics table column: POS L/C,APPLIES,NOT_TESTED,,,,
UI-SSOT-TBL-24,UI,Analytics table column: INC / WALLET MODEL controls,APPLIES,NOT_TESTED,,,,
UI-SSOT-TBL-25,UI,Analytics table column: Column sort (/sort/{column}),APPLIES,NOT_TESTED,,,,
UI-SSOT-PAGE-01,UI,Other page/endpoint: /wallet/{wallet} detail page (closed trades + actions tables),APPLIES,NOT_TESTED,,,,
UI-SSOT-PAGE-02,UI,Other page/endpoint: /wallet-meta/{wallet} editor,APPLIES,NOT_TESTED,,,,
UI-SSOT-PAGE-03,UI,Other page/endpoint: /api/state,APPLIES,NOT_TESTED,,,,
UI-SSOT-PAGE-04,UI,Other page/endpoint: /api/metrics,APPLIES,NOT_TESTED,,,,
UI-SSOT-PAGE-05,UI,Other page/endpoint: /api/trades/{wallet},APPLIES,NOT_TESTED,,,,
UI-SSOT-PAGE-06,UI,Other page/endpoint: /api/equity/{wallet},APPLIES,NOT_TESTED,,,,
UI-SSOT-PAGE-07,UI,Other page/endpoint: /api/ui-state GET/POST,APPLIES,NOT_TESTED,,,,
UI-SSOT-PAGE-08,UI,Other page/endpoint: /api/norm,APPLIES,NOT_TESTED,,,,
UI-SSOT-PAGE-09,UI,Other page/endpoint: /api/reset-app-history,APPLIES,NOT_TESTED,,,,
UI-SSOT-PAGE-10,UI,Other page/endpoint: /api/snapshot,APPLIES,NOT_TESTED,,,,
UI-SSOT-PAGE-11,UI,Other page/endpoint: /api/live-config,APPLIES,NOT_TESTED,,,,
UI-SSOT-PAGE-12,UI,Other page/endpoint: /api/global-controls GET,APPLIES,NOT_TESTED,,,,
UI-SSOT-PAGE-13,UI,Other page/endpoint: /api/live-ws-health,APPLIES,NOT_TESTED,,,,
UI-SSOT-PAGE-14,UI,Other page/endpoint: /api/live-audit-summary,APPLIES,NOT_TESTED,,,,
UI-SSOT-PAGE-15,UI,Other page/endpoint: Contract warning banner (validate_render_contract),APPLIES,NOT_TESTED,,,,
UI-TRUTH-001,UI,Truth tier and freshness on every value,APPLIES,FAIL,run1,9eb2d40,"U1-U3: front page showed USER equity +$100.00 (account $1,450.12), TRACKED WALLETS (0) with 4 leaders LIVE, and Current: PROPORTIONAL with all wallets fixed.",run1@9eb2d40:FAIL
UI-TRUTH-002,UI,No cosmetic green,APPLIES,NOT_TESTED,,,,
UI-TRUTH-003,UI,UI is read-only observer,APPLIES,NOT_TESTED,,,,
UI-TRUTH-004,UI,"At-a-glance wallet, portfolio and system health",OPEN_DECISION,NOT_TESTED,,,,
UI-TRUTH-005,UI,"Historical Build 3 UI restored, not rebuilt",APPLIES,NOT_TESTED,,,,
LIFE-001,LIFECYCLE,Simple launch/start,APPLIES,NOT_TESTED,,,,
LIFE-002,LIFECYCLE,Stop,APPLIES,NOT_TESTED,,,,
LIFE-003,LIFECYCLE,Clean restart,APPLIES,NOT_TESTED,,,,
LIFE-004,LIFECYCLE,Status,APPLIES,NOT_TESTED,,,,
LIFE-005,LIFECYCLE,Version identification,APPLIES,NOT_TESTED,,,,
LIFE-006,LIFECYCLE,New-version cutover,APPLIES,NOT_TESTED,,,,
LIFE-007,LIFECYCLE,Rollback / recovery,APPLIES,NOT_TESTED,,,,
LIFE-008,LIFECYCLE,Configuration migration/compatibility,APPLIES,NOT_TESTED,,,,
LIFE-009,LIFECYCLE,Crash / watchdog,APPLIES,NOT_TESTED,,,,
NET-001,NETWORK,Credential-only mainnet switch,APPLIES,NOT_TESTED,,,,
NET-002,NETWORK,Signer vs MASTER separation,APPLIES,NOT_TESTED,,,,
NET-003,NETWORK,Leader and follower networks set independently,APPLIES,PASS,run3b,ab7f2b0,All 25 orders on testnet with mainnet leaders.,run3a@ab7f2b0:PASS ; run3b@ab7f2b0:PASS
NET-006,NETWORK,Mainnet and testnet instances run in parallel,APPLIES,NOT_TESTED,,,,
NET-007,NETWORK,Certification copies real active mainnet leaders,APPLIES,NOT_TESTED,,,,
NET-004,NETWORK,LIVE/mainnet activation gate,APPLIES,PASS,run3b,ab7f2b0,Mainnet untouched; the 6 Build 4 leftover mainnet orders unchanged.,run3b@ab7f2b0:PASS
NET-005,NETWORK,Same SHA promotion,APPLIES,NOT_TESTED,,,,
HEALTH-001,HEALTH,WS health visible,APPLIES,NOT_TESTED,,,,
HEALTH-002,HEALTH,Follower truth freshness visible,APPLIES,NOT_TESTED,,,,
HEALTH-003,HEALTH,Current blocker visible,APPLIES,NOT_TESTED,,,,
HEALTH-004,HEALTH,Local failure isolation,APPLIES,NOT_TESTED,,,,
HEALTH-005,HEALTH,Diagnostics never block,APPLIES,NOT_TESTED,,,,
CTRL-I1,CONTROL,Mission Control I1: Authority is logical-role provenance,APPLIES,NOT_TESTED,,,,
CTRL-I2,CONTROL,Mission Control I2: One canonical project role channel each,APPLIES,NOT_TESTED,,,,
CTRL-I3,CONTROL,Mission Control I3: Git is durable truth; chat is an interface,APPLIES,NOT_TESTED,,,,
CTRL-I4,CONTROL,Mission Control I4: Event push is the normal delivery trigger,APPLIES,NOT_TESTED,,,,
CTRL-I5,CONTROL,Mission Control I5: Remote-ref absence must be proven,APPLIES,NOT_TESTED,,,,
CTRL-I6,CONTROL,Mission Control I6: Deposit is not send; delivery is not consumption,APPLIES,NOT_TESTED,,,,
CTRL-I7,CONTROL,"Mission Control I7: One logical message, one semantic execution",APPLIES,NOT_TESTED,,,,
CTRL-I8,CONTROL,Mission Control I8: Explicit route/type contract,APPLIES,NOT_TESTED,,,,
CTRL-I9,CONTROL,Mission Control I9: One-shot consumer and singleton ownership,APPLIES,NOT_TESTED,,,,
CTRL-I10,CONTROL,Mission Control I10: BUSY requires observable progress,APPLIES,NOT_TESTED,,,,
CTRL-I11,CONTROL,Mission Control I11: Stand-down request is never permission,APPLIES,NOT_TESTED,,,,
CTRL-I12,CONTROL,Mission Control I12: Awaiting ruling survives restart,APPLIES,NOT_TESTED,,,,
CTRL-I13,CONTROL,Mission Control I13: Gate PASS wakes Architect,APPLIES,NOT_TESTED,,,,
CTRL-I14,CONTROL,Mission Control I14: Controller closes tasks; Architect closes phases/projects,APPLIES,NOT_TESTED,,,,
CTRL-I15,CONTROL,Mission Control I15: Commit before review,APPLIES,NOT_TESTED,,,,
CTRL-I16,CONTROL,Mission Control I16: Graphify is mandatory where contracted,APPLIES,NOT_TESTED,,,,
CTRL-I17,CONTROL,Mission Control I17: One writer,APPLIES,NOT_TESTED,,,,
CTRL-I18,CONTROL,Mission Control I18: Fail closed,APPLIES,NOT_TESTED,,,,
CTRL-I19,CONTROL,Mission Control I19: Event health is explicit,APPLIES,NOT_TESTED,,,,
CTRL-I20,CONTROL,Mission Control I20: Live provider push proof is required,APPLIES,NOT_TESTED,,,,
CTRL-I21,CONTROL,Mission Control I21: New blocker admission is bounded,APPLIES,NOT_TESTED,,,,
CTRL-I22,CONTROL,Mission Control I22: Notifications are not authority,APPLIES,NOT_TESTED,,,,
CTRL-I23,CONTROL,"Mission Control I23: Model/provider choice is compute routing, not authority",APPLIES,NOT_TESTED,,,,
CTRL-GATE0,CONTROL,Gate 0 CONTROL_EVENT_INGRESS,APPLIES,NOT_TESTED,,,,
CTRL-BIND,CONTROL,Controller binding identity,OPEN_DECISION,NOT_TESTED,,,,
CTRL-HWM,CONTROL,"Gate truth from mailbox, not stale local state",APPLIES,NOT_TESTED,,,,
CTRL-EVID,CONTROL,Evidence discipline,APPLIES,NOT_TESTED,,,,
CTRL-ESC,CONTROL,Architect escalation tripwires,APPLIES,NOT_TESTED,,,,
B4-I01,REGRESSION,Build 4 I01 NO_COMMITTED_EVENT_HOLD,APPLIES_PROPOSED,NOT_TESTED,,,,
B4-I02,REGRESSION,Build 4 I02 NO_POSITION_CATCHUP,APPLIES,NOT_TESTED,,,,
B4-I03,REGRESSION,Build 4 I03 WS_PLUS_REST_EVENT_DISCOVERY,APPLIES_PROPOSED,NOT_TESTED,,,,
B4-I04,REGRESSION,Build 4 I04 NET_EVENT_RECOVERY,APPLIES_PROPOSED,NOT_TESTED,,,,
B4-I05,REGRESSION,Build 4 I05 EVENT_PERSISTENCE,APPLIES_PROPOSED,NOT_TESTED,,,,
B4-I06,REGRESSION,Build 4 I06 EXACTLY_ONCE,APPLIES_PROPOSED,NOT_TESTED,,,,
B4-I07,REGRESSION,Build 4 I07 FRESH_SEND_TIME_TRUTH,APPLIES,NOT_TESTED,,,,
B4-I08,REGRESSION,Build 4 I08 ONE_SENDER,APPLIES_PROPOSED,NOT_TESTED,,,,
B4-I09,REGRESSION,Build 4 I09 RUNTIME_ACTIVE_SSOT,ADAPTED_PROPOSED,NOT_TESTED,,,,
B4-I10,REGRESSION,Build 4 I10 LOCAL_FAILURE_ISOLATION,APPLIES_PROPOSED,NOT_TESTED,,,,
B4-I11,REGRESSION,Build 4 I11 OWNED_SLEEVE_SURVIVAL,APPLIES_PROPOSED,NOT_TESTED,,,,
B4-I12,REGRESSION,Build 4 I12 MODE_SEMANTICS,OPEN_DECISION,NOT_TESTED,,,,
B4-I13,REGRESSION,Build 4 I13 PRESERVE_SIZING,OPEN_DECISION,NOT_TESTED,,,,
B4-I14,REGRESSION,Build 4 I14 FOLLOWER_FILL_EXCLUSION,APPLIES_PROPOSED,NOT_TESTED,,,,
B4-I15,REGRESSION,Build 4 I15 REAL_MARGIN_TRUTH,APPLIES_PROPOSED,NOT_TESTED,,,,
B4-I16,REGRESSION,Build 4 I16 DIAGNOSTICS_NON_BLOCKING,APPLIES_PROPOSED,NOT_TESTED,,,,
B4-I17,REGRESSION,Build 4 I17 WALLET_ADD,APPLIES_PROPOSED,NOT_TESTED,,,,
B4-I18,REGRESSION,Build 4 I18 WALLET_REMOVE,APPLIES_PROPOSED,NOT_TESTED,,,,
B4-I19,REGRESSION,Build 4 I19 WALLET_HOT_RELOAD,APPLIES_PROPOSED,NOT_TESTED,,,,
B4-I20,REGRESSION,Build 4 I20 ENTRY_PRICE_BOUND,OPEN_DECISION,NOT_TESTED,,,,
B4-I21,REGRESSION,Build 4 I21 PRICE_WAIT,OPEN_DECISION,NOT_TESTED,,,,
B4-I22,REGRESSION,Build 4 I22 REDUCTION_CLOSE_NOT_TRAPPED,APPLIES_PROPOSED,NOT_TESTED,,,,
B4-I23,REGRESSION,Build 4 I23 PARTIAL_FILL,APPLIES,NOT_TESTED,,,,
B4-I24,REGRESSION,Build 4 I24 RECOVERY_CREATES_ZERO_AUTHORITY,APPLIES,NOT_TESTED,,,,
B4-I25,REGRESSION,Build 4 I25 UNATTRIBUTED_EXPOSURE,APPLIES,NOT_TESTED,,,,
B4-I26,REGRESSION,Build 4 I26 INDEPENDENT_ORACLE_DISAGREEMENT,OPEN_DECISION,NOT_TESTED,,,,
B4-R01,REGRESSION,Historical regression R01,APPLIES_PROPOSED,NOT_TESTED,,,,
B4-R02,REGRESSION,Historical regression R02,APPLIES_PROPOSED,NOT_TESTED,,,,
B4-R03,REGRESSION,Historical regression R03,APPLIES_PROPOSED,NOT_TESTED,,,,
B4-R04,REGRESSION,Historical regression R04,APPLIES_PROPOSED,NOT_TESTED,,,,
B4-R05,REGRESSION,Historical regression R05,APPLIES_PROPOSED,NOT_TESTED,,,,
B4-R06,REGRESSION,Historical regression R06,APPLIES_PROPOSED,NOT_TESTED,,,,
B4-R07,REGRESSION,Historical regression R07,APPLIES_PROPOSED,NOT_TESTED,,,,
B4-R08,REGRESSION,Historical regression R08,APPLIES_PROPOSED,NOT_TESTED,,,,
B4-R09,REGRESSION,Historical regression R09,APPLIES_PROPOSED,NOT_TESTED,,,,
B4-R10,REGRESSION,Historical regression R10,APPLIES_PROPOSED,NOT_TESTED,,,,
B4-R11,REGRESSION,Historical regression R11,APPLIES_PROPOSED,NOT_TESTED,,,,
B4-R12,REGRESSION,Historical regression R12,APPLIES_PROPOSED,NOT_TESTED,,,,
B4-R13,REGRESSION,Historical regression R13,APPLIES_PROPOSED,NOT_TESTED,,,,
B4-R14,REGRESSION,Historical regression R14,APPLIES_PROPOSED,NOT_TESTED,,,,
B4-R15,REGRESSION,Historical regression R15,APPLIES_PROPOSED,NOT_TESTED,,,,
B4-R16,REGRESSION,Historical regression R16,APPLIES_PROPOSED,NOT_TESTED,,,,
B4-R17,REGRESSION,Historical regression R17,APPLIES_PROPOSED,NOT_TESTED,,,,
B4-R18,REGRESSION,Historical regression R18,APPLIES_PROPOSED,NOT_TESTED,,,,
B4-R19,REGRESSION,Historical regression R19,APPLIES_PROPOSED,NOT_TESTED,,,,
B4-R20,REGRESSION,Historical regression R20,APPLIES_PROPOSED,NOT_TESTED,,,,
B4-R21,REGRESSION,Historical regression R21,APPLIES_PROPOSED,NOT_TESTED,,,,
B4-R22,REGRESSION,Historical regression R22,APPLIES_PROPOSED,NOT_TESTED,,,,
B4-R23,REGRESSION,Historical regression R23,APPLIES_PROPOSED,NOT_TESTED,,,,
B4-R24,REGRESSION,Historical regression R24,APPLIES_PROPOSED,NOT_TESTED,,,,
B4-R25,REGRESSION,Historical regression R25,APPLIES_PROPOSED,NOT_TESTED,,,,
F-ARCH-001,REGRESSION,FAILURES ARCH-001 multiple_position_authorities,APPLIES_PROPOSED,NOT_TESTED,,,,
F-ARCH-002,REGRESSION,FAILURES ARCH-002 engine_owned_its_own_book,APPLIES_PROPOSED,NOT_TESTED,,,,
F-ARCH-003,REGRESSION,FAILURES ARCH-003 copied_trade_events_instead_of_position_state,APPLIES_PROPOSED,NOT_TESTED,,,,
F-ARCH-004,REGRESSION,FAILURES ARCH-004 no_continuous_desired_vs_actual_invariant,APPLIES_PROPOSED,NOT_TESTED,,,,
F-ARCH-005,REGRESSION,FAILURES ARCH-005 shadow_system_could_observe_but_not_control,APPLIES_PROPOSED,NOT_TESTED,,,,
F-ARCH-006,REGRESSION,FAILURES ARCH-006 ui_dashboard_became_state_authority,APPLIES_PROPOSED,NOT_TESTED,,,,
F-ARCH-007,REGRESSION,FAILURES ARCH-007 local_logs_treated_as_truth,APPLIES_PROPOSED,NOT_TESTED,,,,
F-ARCH-008,REGRESSION,FAILURES ARCH-008 per_sleeve_model_conflicted_with_account_net_exchange,APPLIES_PROPOSED,NOT_TESTED,,,,
F-ARCH-009,REGRESSION,FAILURES ARCH-009 multiple_send_paths,APPLIES_PROPOSED,NOT_TESTED,,,,
F-ARCH-010,REGRESSION,FAILURES ARCH-010 recovery_retrofitted_after_live_execution,APPLIES_PROPOSED,NOT_TESTED,,,,
F-ARCH-011,REGRESSION,FAILURES ARCH-011 restart_depended_on_local_replay,APPLIES_PROPOSED,NOT_TESTED,,,,
F-ARCH-012,REGRESSION,FAILURES ARCH-012 premature_scaling_before_single_wallet_invariant,APPLIES_PROPOSED,NOT_TESTED,,,,
F-ARCH-013,REGRESSION,FAILURES ARCH-013 symptom_patch_bloat,APPLIES_PROPOSED,NOT_TESTED,,,,
F-ARCH-014,REGRESSION,FAILURES ARCH-014 patch_constraints_preserved_bad_architecture,APPLIES_PROPOSED,NOT_TESTED,,,,
F-ARCH-015,REGRESSION,FAILURES ARCH-015 no_single_invariant_owner,APPLIES_PROPOSED,NOT_TESTED,,,,
F-LOGIC-001,REGRESSION,FAILURES LOGIC-001 repeated_add_overexposure_loop,APPLIES_PROPOSED,NOT_TESTED,,,,
F-LOGIC-002,REGRESSION,FAILURES LOGIC-002 websocket_mutates_truth_loop,APPLIES_PROPOSED,NOT_TESTED,,,,
F-LOGIC-003,REGRESSION,FAILURES LOGIC-003 synthetic_dedup_key_loop,APPLIES_PROPOSED,NOT_TESTED,,,,
F-LOGIC-004,REGRESSION,FAILURES LOGIC-004 unsafe_reduce_or_exit_loop,APPLIES_PROPOSED,NOT_TESTED,,,,
F-LOGIC-005,REGRESSION,FAILURES LOGIC-005 sub_min_notional_residue_loop,APPLIES_PROPOSED,NOT_TESTED,,,,
F-LOGIC-006,REGRESSION,FAILURES LOGIC-006 opposing_sleeves_account_net_reject_loop,APPLIES_PROPOSED,NOT_TESTED,,,,
F-LOGIC-007,REGRESSION,FAILURES LOGIC-007 hot_reload_subscription_drift_loop,APPLIES_PROPOSED,NOT_TESTED,,,,
F-LOGIC-008,REGRESSION,FAILURES LOGIC-008 local_reconciliation_false_green_loop,APPLIES_PROPOSED,NOT_TESTED,,,,
F-LOGIC-009,REGRESSION,FAILURES LOGIC-009 reconciliation_observes_without_containing_loop,APPLIES_PROPOSED,NOT_TESTED,,,,
F-LOGIC-010,REGRESSION,FAILURES LOGIC-010 recovery_bypass_loop,APPLIES_PROPOSED,NOT_TESTED,,,,
F-LOGIC-011,REGRESSION,FAILURES LOGIC-011 partial_fill_duplicate_delta_loop,APPLIES_PROPOSED,NOT_TESTED,,,,
F-LOGIC-012,REGRESSION,FAILURES LOGIC-012 stale_cache_confidence_loop,APPLIES_PROPOSED,NOT_TESTED,,,,
F-LOGIC-013,REGRESSION,FAILURES LOGIC-013 implementation_confirmation_test_loop,APPLIES_PROPOSED,NOT_TESTED,,,,
F-LOGIC-014,REGRESSION,FAILURES LOGIC-014 one_successful_chain_overclaim_loop,APPLIES_PROPOSED,NOT_TESTED,,,,
F-LOGIC-015,REGRESSION,FAILURES LOGIC-015 unclassified_or_ambiguous_state_loop,APPLIES_PROPOSED,NOT_TESTED,,,,
F-LOGIC-016,REGRESSION,FAILURES LOGIC-016 auto_send_state_pollution_loop,APPLIES_PROPOSED,NOT_TESTED,,,,
F-EXC-001,REGRESSION,FAILURES EXC-001 exchange_snapshot_missing_or_stale,APPLIES_PROPOSED,NOT_TESTED,,,,
F-EXC-002,REGRESSION,FAILURES EXC-002 actual_position_unknown,APPLIES_PROPOSED,NOT_TESTED,,,,
F-EXC-003,REGRESSION,FAILURES EXC-003 desired_actual_mismatch,APPLIES_PROPOSED,NOT_TESTED,,,,
F-EXC-004,REGRESSION,FAILURES EXC-004 open_orders_unknown,APPLIES_PROPOSED,NOT_TESTED,,,,
F-EXC-005,REGRESSION,FAILURES EXC-005 add_when_beyond_target,APPLIES_PROPOSED,NOT_TESTED,,,,
F-EXC-006,REGRESSION,FAILURES EXC-006 wrong_direction_position,APPLIES_PROPOSED,NOT_TESTED,,,,
F-EXC-007,REGRESSION,FAILURES EXC-007 reduce_could_flip,APPLIES_PROPOSED,NOT_TESTED,,,,
F-EXC-008,REGRESSION,FAILURES EXC-008 sub_min_notional_order,APPLIES_PROPOSED,NOT_TESTED,,,,
F-EXC-009,REGRESSION,FAILURES EXC-009 websocket_gap_or_stale,APPLIES_PROPOSED,NOT_TESTED,,,,
F-EXC-010,REGRESSION,FAILURES EXC-010 missing_or_ambiguous_fill_identity,APPLIES_PROPOSED,NOT_TESTED,,,,
F-EXC-011,REGRESSION,FAILURES EXC-011 wallet_subscription_mismatch,APPLIES_PROPOSED,NOT_TESTED,,,,
F-EXC-012,REGRESSION,FAILURES EXC-012 exchange_semantics_violation,APPLIES_PROPOSED,NOT_TESTED,,,,
F-EXC-013,REGRESSION,FAILURES EXC-013 auto_send_disabled,APPLIES_PROPOSED,NOT_TESTED,,,,
F-EXC-014,REGRESSION,FAILURES EXC-014 master_gate_not_dominant,APPLIES_PROPOSED,NOT_TESTED,,,,
F-EXC-015,REGRESSION,FAILURES EXC-015 recovery_requests_direct_send,APPLIES_PROPOSED,NOT_TESTED,,,,
F-EXC-016,REGRESSION,FAILURES EXC-016 ui_value_not_authoritative,APPLIES_PROPOSED,NOT_TESTED,,,,
F-EXC-017,REGRESSION,FAILURES EXC-017 independent_oracle_disagrees,OPEN_DECISION,NOT_TESTED,,,,
F-EXC-018,REGRESSION,FAILURES EXC-018 ownership_or_sleeve_ambiguous,APPLIES_PROPOSED,NOT_TESTED,,,,
F-EXC-019,REGRESSION,FAILURES EXC-019 leader_or_follower_snapshot_stale,APPLIES_PROPOSED,NOT_TESTED,,,,
F-EXC-020,REGRESSION,FAILURES EXC-020 unknown_or_unclassified_event,APPLIES_PROPOSED,NOT_TESTED,,,,
F-UI-001,REGRESSION,FAILURES UI-001 no_truth_tier,APPLIES_PROPOSED,NOT_TESTED,,,,
F-UI-002,REGRESSION,FAILURES UI-002 no_freshness_indicator,APPLIES_PROPOSED,NOT_TESTED,,,,
F-UI-003,REGRESSION,FAILURES UI-003 engine_narrative_displayed_as_truth,APPLIES_PROPOSED,NOT_TESTED,,,,
F-VERIFY-001,REGRESSION,FAILURES VERIFY-001 subsystem_proof_overclaim,APPLIES_PROPOSED,NOT_TESTED,,,,
F-VERIFY-002,REGRESSION,FAILURES VERIFY-002 internal_consistency_not_economic_correctness,APPLIES_PROPOSED,NOT_TESTED,,,,
F-VERIFY-003,REGRESSION,FAILURES VERIFY-003 implementation_derived_tests,APPLIES_PROPOSED,NOT_TESTED,,,,
F-VERIFY-004,REGRESSION,FAILURES VERIFY-004 weakened_or_stale_tests,APPLIES_PROPOSED,NOT_TESTED,,,,
F-VERIFY-005,REGRESSION,FAILURES VERIFY-005 no_strong_live_money_test_ladder,APPLIES_PROPOSED,NOT_TESTED,,,,
F-VERIFY-006,REGRESSION,FAILURES VERIFY-006 no_deterministic_fulfilment_gate,APPLIES_PROPOSED,NOT_TESTED,,,,
F-VERIFY-007,REGRESSION,FAILURES VERIFY-007 examples_instead_of_invariants,APPLIES_PROPOSED,NOT_TESTED,,,,
F-VERIFY-008,REGRESSION,FAILURES VERIFY-008 no_independent_oracle,OPEN_DECISION,NOT_TESTED,,,,
F-PROCESS-001,REGRESSION,FAILURES PROCESS-001 model_responsibility_diffusion,APPLIES_PROPOSED,NOT_TESTED,,,,
F-PROCESS-002,REGRESSION,FAILURES PROCESS-002 accepted_patch_work_after_foundation_declared_unsuitable,SUPERSEDED,NOT_TESTED,,,,
F-PROCESS-003,REGRESSION,FAILURES PROCESS-003 feature_work_continued_after_truth_failure,APPLIES_PROPOSED,NOT_TESTED,,,,
F-PRODUCT-001,REGRESSION,FAILURES PRODUCT-001 wallet_selection_realised_pnl_bias,OPEN_DECISION,NOT_TESTED,,,,
F-PRODUCT-002,REGRESSION,FAILURES PRODUCT-002 recommendation_fact_confusion,APPLIES_PROPOSED,NOT_TESTED,,,,
F-TEST-001,REGRESSION,FAILURES TEST-001 recorded_production_replay,OPEN_DECISION,NOT_TESTED,,,,
F-TEST-002,REGRESSION,FAILURES TEST-002 repeated_add,APPLIES_PROPOSED,NOT_TESTED,,,,
F-TEST-003,REGRESSION,FAILURES TEST-003 restart_every_lifecycle_point,APPLIES_PROPOSED,NOT_TESTED,,,,
F-TEST-004,REGRESSION,FAILURES TEST-004 dropped_duplicated_reordered_events,APPLIES_PROPOSED,NOT_TESTED,,,,
F-TEST-005,REGRESSION,FAILURES TEST-005 partial_fill_convergence,APPLIES_PROPOSED,NOT_TESTED,,,,
F-TEST-006,REGRESSION,FAILURES TEST-006 opposing_leaders_account_net,APPLIES_PROPOSED,NOT_TESTED,,,,
F-TEST-007,REGRESSION,FAILURES TEST-007 master_gate_dominance,APPLIES_PROPOSED,NOT_TESTED,,,,
F-TEST-008,REGRESSION,FAILURES TEST-008 long_shadow_no_orders,APPLIES_PROPOSED,NOT_TESTED,,,,
F-TEST-009,REGRESSION,FAILURES TEST-009 tiny_capital_canary,APPLIES_PROPOSED,NOT_TESTED,,,,
F-TEST-010,REGRESSION,FAILURES TEST-010 independent_oracle,OPEN_DECISION,NOT_TESTED,,,,
F-GREEN-ONLY-001,REGRESSION,Canonical green condition,APPLIES,NOT_TESTED,,,,
F25-P01,LIFECYCLE,F25 proof 1,ADAPTED_PROPOSED,NOT_TESTED,,,,
F25-P02,LIFECYCLE,F25 proof 2,ADAPTED_PROPOSED,NOT_TESTED,,,,
F25-P03,LIFECYCLE,F25 proof 3,ADAPTED_PROPOSED,NOT_TESTED,,,,
F25-P04,LIFECYCLE,F25 proof 4,ADAPTED_PROPOSED,NOT_TESTED,,,,
F25-P05,LIFECYCLE,F25 proof 5,ADAPTED_PROPOSED,NOT_TESTED,,,,
F25-P06,LIFECYCLE,F25 proof 6,ADAPTED_PROPOSED,NOT_TESTED,,,,
F25-P07,LIFECYCLE,F25 proof 7,ADAPTED_PROPOSED,NOT_TESTED,,,,
F25-P08,LIFECYCLE,F25 proof 8,ADAPTED_PROPOSED,NOT_TESTED,,,,
F25-P09,LIFECYCLE,F25 proof 9,ADAPTED_PROPOSED,NOT_TESTED,,,,
F25-P10,LIFECYCLE,F25 proof 10,ADAPTED_PROPOSED,NOT_TESTED,,,,
F25-X01,LIFECYCLE,F25 automatic fail 1,ADAPTED_PROPOSED,NOT_TESTED,,,,
F25-X02,LIFECYCLE,F25 automatic fail 2,ADAPTED_PROPOSED,NOT_TESTED,,,,
F25-X03,LIFECYCLE,F25 automatic fail 3,ADAPTED_PROPOSED,NOT_TESTED,,,,
F25-X04,LIFECYCLE,F25 automatic fail 4,ADAPTED_PROPOSED,NOT_TESTED,,,,
F25-X05,LIFECYCLE,F25 automatic fail 5,ADAPTED_PROPOSED,NOT_TESTED,,,,
F25-X06,LIFECYCLE,F25 automatic fail 6,ADAPTED_PROPOSED,NOT_TESTED,,,,
F25-X07,LIFECYCLE,F25 automatic fail 7,ADAPTED_PROPOSED,NOT_TESTED,,,,
F25-X08,LIFECYCLE,F25 automatic fail 8,ADAPTED_PROPOSED,NOT_TESTED,,,,
F-CLAIM-01,REGRESSION,Forbidden claim,APPLIES,NOT_TESTED,,,,
F-CLAIM-02,REGRESSION,Forbidden claim,APPLIES,NOT_TESTED,,,,
F-CLAIM-03,REGRESSION,Forbidden claim,APPLIES,NOT_TESTED,,,,
F-CLAIM-04,REGRESSION,Forbidden claim,APPLIES,NOT_TESTED,,,,
F-CLAIM-05,REGRESSION,Forbidden claim,APPLIES,NOT_TESTED,,,,
F-CLAIM-06,REGRESSION,Forbidden claim,APPLIES,NOT_TESTED,,,,
F-CLAIM-07,REGRESSION,Forbidden claim,APPLIES,NOT_TESTED,,,,
F-CLAIM-08,REGRESSION,Forbidden claim,APPLIES,NOT_TESTED,,,,
DONE-01,CONTROL,Measurable DONE 1,APPLIES,NOT_TESTED,,,,
DONE-02,CONTROL,Measurable DONE 2,APPLIES,NOT_TESTED,,,,
DONE-03,CONTROL,Measurable DONE 3,APPLIES,NOT_TESTED,,,,
DONE-04,CONTROL,Measurable DONE 4,APPLIES,NOT_TESTED,,,,
DONE-05,CONTROL,Measurable DONE 5,APPLIES,NOT_TESTED,,,,
DONE-06,CONTROL,Measurable DONE 6,APPLIES,NOT_TESTED,,,,
DONE-07,CONTROL,Measurable DONE 7,APPLIES,NOT_TESTED,,,,
DONE-08,CONTROL,Measurable DONE 8,APPLIES,NOT_TESTED,,,,
DONE-09,CONTROL,Measurable DONE 9,APPLIES,NOT_TESTED,,,,
DONE-10,CONTROL,Measurable DONE 10,APPLIES,NOT_TESTED,,,,
TN-F01,RISK,Testnet scenario F1: Stale leader capital / oversizing,OPEN_DECISION,NOT_TESTED,,,,
TN-F02,RISK,Testnet scenario F2: Follower materially less liquidation-safe than leader,OPEN_DECISION,NOT_TESTED,,,,
TN-F03,ENGINE,Testnet scenario F3: Configured follower-capital basis / sizing authority,OPEN_DECISION,NOT_TESTED,,,,
TN-F04,ENGINE,Testnet scenario F4: Exit sizing,APPLIES_PROPOSED,NOT_TESTED,,,,
TN-F05,ORDER,Testnet scenario F5: Sub-minimum OPEN/INCREASE escape,APPLIES,NOT_TESTED,,,,
TN-F06,RISK,Testnet scenario F6: Catastrophic limits used as clamps,APPLIES_PROPOSED,NOT_TESTED,,,,
TN-F07,RISK,Testnet scenario F7: Other-position margin (M_other) omitted,OPEN_DECISION,NOT_TESTED,,,,
TN-F08,RISK,Testnet scenario F8: Unresolved A0 / crossAccountValue,OPEN_DECISION,NOT_TESTED,,,,
TN-F09,SETTLE,Testnet scenario F9: Namespace collision (XYZ:NBIS vs NBIS),APPLIES,NOT_TESTED,,,,
TN-F10,SETTLE,Testnet scenario F10: Ambiguous intent / 429 storm,APPLIES_PROPOSED,NOT_TESTED,,,,
TN-F11,SETTLE,Testnet scenario F11: Ownership / truth fail-open,APPLIES_PROPOSED,NOT_TESTED,,,,
TN-F12,SETTLE,Testnet scenario F12: Manual reconciliation,APPLIES,NOT_TESTED,,,,
TN-F13,SETTLE,Testnet scenario F13: Reconciliation tolerance / blind catch-up,ADAPTED_PROPOSED,NOT_TESTED,,,,
TN-F14,UI,Testnet scenario F14: UI control looks real but does not govern runtime,APPLIES,NOT_TESTED,,,,
TN-F15,HEALTH,Testnet scenario F15: Watchdog / supervisor wrong-mode intervention,ADAPTED_PROPOSED,NOT_TESTED,,,,
TN-F16,RISK,Testnet scenario F16: Stale risk / account truth at send boundary,APPLIES_PROPOSED,NOT_TESTED,,,,
TN-F17,ENGINE,Testnet scenario F17: Trade direction inferred from position,APPLIES,NOT_TESTED,,,,
TN-F18,SETTLE,Testnet scenario F18: Duplicate / recovered / out-of-order fills,APPLIES,NOT_TESTED,,,,
TN-F19,LIFECYCLE,Testnet scenario F19: Startup / restart unintended orders,APPLIES,NOT_TESTED,,,,
TN-F20,LIFECYCLE,Testnet scenario F20: Sender lease / fencing,ADAPTED_PROPOSED,NOT_TESTED,,,,
TN-F21,RISK,Testnet scenario F21: Open-safety failure traps REDUCE/CLOSE,APPLIES_PROPOSED,NOT_TESTED,,,,
TN-F22,UI,Testnet scenario F22: UI minimum / config authority confusion,APPLIES_PROPOSED,NOT_TESTED,,,,
TN-F23,UI,Testnet scenario F23: UI account / position / open-order / risk truth,APPLIES,NOT_TESTED,,,,
TN-F24,NETWORK,Testnet scenario F24: Shared rate-limit / 429 regression,ADAPTED_PROPOSED,NOT_TESTED,,,,
TN-F25,LIFECYCLE,Testnet scenario F25: Deployment / control-plane identity,ADAPTED_PROPOSED,NOT_TESTED,,,,
TN-F26,RISK,Testnet scenario F26: Allocation / risk-budget enforcement,OPEN_DECISION,NOT_TESTED,,,,
TN-F27,RISK,Testnet scenario F27: Margin-state divergence without a fill,OPEN_DECISION,NOT_TESTED,,,,
TN-PS1,RISK,Resulting portfolio safety,OPEN_DECISION,NOT_TESTED,,,,
TN-CAMP-01,CONTROL,Testnet campaign: Bounds frozen before first order,APPLIES_PROPOSED,NOT_TESTED,,,,
TN-CAMP-02,CONTROL,Testnet campaign: Flat start,APPLIES_PROPOSED,NOT_TESTED,,,,
TN-CAMP-03,CONTROL,Testnet campaign: Market allowlist,APPLIES_PROPOSED,NOT_TESTED,,,,
TN-CAMP-04,CONTROL,Testnet campaign: Ambiguous-submission stop,APPLIES_PROPOSED,NOT_TESTED,,,,
TN-CAMP-05,CONTROL,Testnet campaign: Cleanup scope,APPLIES_PROPOSED,NOT_TESTED,,,,
TN-CAMP-06,CONTROL,Testnet campaign: Abort conditions,APPLIES_PROPOSED,NOT_TESTED,,,,
TN-CAMP-07,CONTROL,Testnet campaign: Proof environment identity,APPLIES_PROPOSED,NOT_TESTED,,,,
TN-CAMP-08,CONTROL,Testnet campaign: Per-class exchange parity,APPLIES_PROPOSED,NOT_TESTED,,,,
TN-CAMP-09,CONTROL,Testnet campaign: Testnet coverage gaps,APPLIES_PROPOSED,NOT_TESTED,,,,
TN-T1,NETWORK,Testnet transport T1,APPLIES_PROPOSED,NOT_TESTED,,,,
TN-T2,NETWORK,Testnet transport T2,APPLIES_PROPOSED,NOT_TESTED,,,,
TN-T3,NETWORK,Testnet transport T3,APPLIES_PROPOSED,NOT_TESTED,,,,
TN-T4,NETWORK,Testnet transport T4,APPLIES_PROPOSED,NOT_TESTED,,,,
TN-T5,NETWORK,Testnet transport T5,APPLIES_PROPOSED,NOT_TESTED,,,,
TN-T6,NETWORK,Testnet transport T6,APPLIES_PROPOSED,NOT_TESTED,,,,
TN-T7,NETWORK,Testnet transport T7,APPLIES_PROPOSED,NOT_TESTED,,,,
TN-T8,NETWORK,Testnet transport T8,APPLIES_PROPOSED,NOT_TESTED,,,,
TN-T9,NETWORK,Testnet transport T9,APPLIES_PROPOSED,NOT_TESTED,,,,
TN-T10,NETWORK,Testnet transport T10,APPLIES_PROPOSED,NOT_TESTED,,,,
TN-T11,NETWORK,Testnet transport T11,APPLIES_PROPOSED,NOT_TESTED,,,,
TN-T12,NETWORK,Testnet transport T12,APPLIES_PROPOSED,NOT_TESTED,,,,
TN-T13,NETWORK,Testnet transport T13,APPLIES_PROPOSED,NOT_TESTED,,,,
TN-T14,NETWORK,Testnet transport T14,APPLIES_PROPOSED,NOT_TESTED,,,,
TN-T15,NETWORK,Testnet transport T15,APPLIES_PROPOSED,NOT_TESTED,,,,
TN-T16,NETWORK,Testnet transport T16,APPLIES_PROPOSED,NOT_TESTED,,,,
TN-T17,NETWORK,Testnet transport T17,APPLIES_PROPOSED,NOT_TESTED,,,,
TN-A1,NETWORK,Transport attack case A1,APPLIES_PROPOSED,NOT_TESTED,,,,
TN-A2,NETWORK,Transport attack case A2,APPLIES_PROPOSED,NOT_TESTED,,,,
TN-A3,NETWORK,Transport attack case A3,APPLIES_PROPOSED,NOT_TESTED,,,,
TN-A4,NETWORK,Transport attack case A4,APPLIES_PROPOSED,NOT_TESTED,,,,
TN-A5,NETWORK,Transport attack case A5,APPLIES_PROPOSED,NOT_TESTED,,,,
TN-A6,NETWORK,Transport attack case A6,APPLIES_PROPOSED,NOT_TESTED,,,,
TN-A7,NETWORK,Transport attack case A7,APPLIES_PROPOSED,NOT_TESTED,,,,
TN-A8,NETWORK,Transport attack case A8,APPLIES_PROPOSED,NOT_TESTED,,,,
HARN-01,CONTROL,No direct order calls in the harness,APPLIES_PROPOSED,NOT_TESTED,,,,
HARN-02,CONTROL,Order-site census covers every executable file,APPLIES_PROPOSED,NOT_TESTED,,,,
HARN-03,CONTROL,One engine for testnet and mainnet,APPLIES_PROPOSED,NOT_TESTED,,,,
HARN-04,CONTROL,Secrets never leak,APPLIES_PROPOSED,NOT_TESTED,,,,
HARN-05,CONTROL,Evidence states only what ran,APPLIES_PROPOSED,NOT_TESTED,,,,
HARN-06,CONTROL,False-control census,APPLIES_PROPOSED,NOT_TESTED,,,,
HARN-07,CONTROL,Agents do not share a worktree,APPLIES_PROPOSED,NOT_TESTED,,,,
ENG-VAL-01,ENGINE,No fabricated defaults,APPLIES_PROPOSED,NOT_TESTED,,,,
ENG-VAL-02,ENGINE,Non-finite values rejected,APPLIES_PROPOSED,NOT_TESTED,,,,
ENG-VAL-03,ENGINE,Malformed exchange data rejected,APPLIES_PROPOSED,NOT_TESTED,,,,
ENG-VAL-04,ENGINE,Maintenance margin from exchange tables,APPLIES_PROPOSED,NOT_TESTED,,,,
INC-01,REGRESSION,Large exchange position visible,APPLIES,NOT_TESTED,,,,
INC-02,REGRESSION,Shared-symbol exposure counted,APPLIES,NOT_TESTED,,,,
INC-03,REGRESSION,Account vs engine position diff surfaced,APPLIES,NOT_TESTED,,,,
INC-04,REGRESSION,Ledger rows unsupported by exchange,APPLIES,NOT_TESTED,,,,
INC-05,REGRESSION,External and residual exposure categorised,APPLIES,NOT_TESTED,,,,
INC-06,REGRESSION,No duplicate live fills,APPLIES,NOT_TESTED,,,,
INC-07,REGRESSION,HIP-3 namespace consistent,APPLIES,NOT_TESTED,,,,
INC-08,REGRESSION,HIP-3 price from its own book,APPLIES_PROPOSED,NOT_TESTED,,,,
INC-09,REGRESSION,Unknown spot/asset meta fails closed,APPLIES,NOT_TESTED,,,,
INC-10,REGRESSION,Unproven send is ACTIVE_RED,APPLIES,NOT_TESTED,,,,
INC-11,HEALTH,Engine death is visible,APPLIES_PROPOSED,NOT_TESTED,,,,
INC-12,REGRESSION,Minimum notional for every lifecycle,APPLIES_PROPOSED,NOT_TESTED,,,,
INC-13,UI,Displayed target is the gated target,APPLIES,NOT_TESTED,,,,
INC-14,UI,No false budget or decorative input,APPLIES_PROPOSED,NOT_TESTED,,,,
INC-15,UI,Close-only with open exposure is visible,APPLIES_PROPOSED,NOT_TESTED,,,,
INC-16,UI,Metric source and freshness shown,APPLIES_PROPOSED,NOT_TESTED,,,,
INC-17,UI,PnL fee basis labelled,APPLIES_PROPOSED,NOT_TESTED,,,,
INC-18,LIFECYCLE,Operator control resolves to the running release,APPLIES_PROPOSED,NOT_TESTED,,,,
UI-FP-001,UI,Header / Safety: Wallets header,APPLIES,NOT_TESTED,,,,
UI-FP-002,UI,Header / Safety: LIVE mode count,APPLIES,NOT_TESTED,,,,
UI-FP-003,UI,Header / Safety: CLO mode count,APPLIES,NOT_TESTED,,,,
UI-FP-004,UI,Header / Safety: OFF mode count,APPLIES,NOT_TESTED,,,,
UI-FP-005,UI,Header / Safety: Real order sending header,APPLIES,NOT_TESTED,,,,
UI-FP-006,UI,Header / Safety: WS header,APPLIES,NOT_TESTED,,,,
UI-FP-007,UI,Header / Safety: REAL ORDERS safety strip,APPLIES,NOT_TESTED,,,,
UI-FP-008,UI,Header / Safety: Restart caveat,APPLIES,NOT_TESTED,,,,
UI-FP-009,UI,Live Copy Status cards: LIVE INTEGRITY,APPLIES,NOT_TESTED,,,,
UI-FP-010,UI,Live Copy Status cards: WS status,APPLIES,NOT_TESTED,,,,
UI-FP-011,UI,Live Copy Status cards: Copy Poll,APPLIES,NOT_TESTED,,,,
UI-FP-012,UI,Live Copy Status cards: MASTER REAL ORDERS,APPLIES,NOT_TESTED,,,,
UI-FP-013,UI,Live Copy Status cards: Active/subscribed wallets,APPLIES,NOT_TESTED,,,,
UI-FP-014,UI,Live Copy Status cards: Last send,APPLIES,NOT_TESTED,,,,
UI-FP-015,UI,Live Copy Status cards: Last fill,APPLIES,NOT_TESTED,,,,
UI-FP-016,UI,Live Copy Status cards: Last reject,APPLIES,NOT_TESTED,,,,
UI-FP-017,UI,Live Copy Status cards: Last latency warning,APPLIES,NOT_TESTED,,,,
UI-FP-018,UI,Real Account cards: Portfolio Value,APPLIES,NOT_TESTED,,,,
UI-FP-019,UI,Real Account cards: Unrealized PnL,APPLIES,NOT_TESTED,,,,
UI-FP-020,UI,Real Account cards: Realized PnL,APPLIES,NOT_TESTED,,,,
UI-FP-021,UI,Real Account cards: Open Positions,APPLIES,NOT_TESTED,,,,
UI-FP-022,UI,Real Account cards: Live Exposure,APPLIES,NOT_TESTED,,,,
UI-FP-023,UI,Real Account cards: Last Fill,APPLIES,NOT_TESTED,,,,
UI-FP-024,UI,Real Account cards: Last Reject,APPLIES,NOT_TESTED,,,,
UI-FP-025,UI,Graph: Account graph total PnL,APPLIES,NOT_TESTED,,,,
UI-FP-026,UI,Graph: Account graph realized PnL,APPLIES,NOT_TESTED,,,,
UI-FP-027,UI,Graph: Account graph drawdown,APPLIES,NOT_TESTED,,,,
UI-FP-028,UI,Graph: Selected wallet PnL graph,APPLIES,NOT_TESTED,,,,
UI-FP-029,UI,Graph: Selected wallet exposure graph,APPLIES,NOT_TESTED,,,,
UI-FP-030,UI,Graph controls: Graph range controls,APPLIES,NOT_TESTED,,,,
UI-FP-031,UI,Live Copy Wallets row: Wallet,APPLIES,NOT_TESTED,,,,
UI-FP-032,UI,Live Copy Wallets row: Mode,APPLIES,NOT_TESTED,,,,
UI-FP-033,UI,Live Copy Wallets row: Eligibility,APPLIES,NOT_TESTED,,,,
UI-FP-034,UI,Live Copy Wallets row: Connection pill,APPLIES,NOT_TESTED,,,,
UI-FP-035,UI,Live Copy Wallets row: Live PnL realized,APPLIES,NOT_TESTED,,,,
UI-FP-036,UI,Live Copy Wallets row: Live PnL unrealized,APPLIES,NOT_TESTED,,,,
UI-FP-037,UI,Live Copy Wallets row: Live PnL net,APPLIES,NOT_TESTED,,,,
UI-FP-038,UI,Live Copy Wallets row: PnL status,APPLIES,NOT_TESTED,,,,
UI-FP-039,UI,Live Copy Wallets row: Lead-copy total diff,APPLIES,NOT_TESTED,,,,
UI-FP-040,UI,Live Copy Wallets row: Lead-copy avg diff,APPLIES,NOT_TESTED,,,,
UI-FP-041,UI,Live Copy Wallets row: Lead-copy avg bps,APPLIES,NOT_TESTED,,,,
UI-FP-042,UI,Live Copy Wallets row: Lead-copy worst bps,APPLIES,NOT_TESTED,,,,
UI-FP-043,UI,Live Copy Wallets row: Filled count,APPLIES,NOT_TESTED,,,,
UI-FP-044,UI,Live Copy Wallets row: Exit count,APPLIES,NOT_TESTED,,,,
UI-FP-045,UI,Live Copy Wallets row: Recent rejects,APPLIES,NOT_TESTED,,,,
UI-FP-046,UI,Live Copy Wallets row: Recent blocks,APPLIES,NOT_TESTED,,,,
UI-FP-047,UI,Live Copy Wallets row: Exposure,APPLIES,NOT_TESTED,,,,
UI-FP-048,UI,Live Copy Wallets row: Open pos,APPLIES,NOT_TESTED,,,,
UI-FP-049,UI,Live Copy Wallets row: DD,APPLIES,NOT_TESTED,,,,
UI-FP-050,UI,Live Copy Wallets row: MaxDD,APPLIES,NOT_TESTED,,,,
UI-FP-051,UI,Live Copy Wallets row: Last fill,APPLIES,NOT_TESTED,,,,
UI-FP-052,UI,Live Copy Wallets row: Controls mode,APPLIES,NOT_TESTED,,,,
UI-FP-053,UI,Live Copy Wallets row: Controls copy model,APPLIES,NOT_TESTED,,,,
UI-FP-054,UI,Live Copy Wallets row: Controls fixed notional,APPLIES,NOT_TESTED,,,,
UI-FP-055,UI,Live Copy Wallets row: Controls norm base,APPLIES,NOT_TESTED,,,,
UI-FP-056,UI,Live Copy Wallets row: Controls leader equity base,APPLIES,NOT_TESTED,,,,
UI-FP-057,UI,Wallet expanded detail A: Detail realized PnL,APPLIES,NOT_TESTED,,,,
UI-FP-058,UI,Wallet expanded detail A: Detail unrealized PnL,APPLIES,NOT_TESTED,,,,
UI-FP-059,UI,Wallet expanded detail A: Detail net PnL,APPLIES,NOT_TESTED,,,,
UI-FP-060,UI,Wallet expanded detail A: Detail exposure,APPLIES,NOT_TESTED,,,,
UI-FP-061,UI,Wallet expanded detail A: Detail DD,APPLIES,NOT_TESTED,,,,
UI-FP-062,UI,Wallet expanded detail A: Detail MaxDD,APPLIES,NOT_TESTED,,,,
UI-FP-063,UI,Wallet expanded detail A: Detail PnL status,APPLIES,NOT_TESTED,,,,
UI-FP-064,UI,Wallet expanded detail A: Detail attribution,APPLIES,NOT_TESTED,,,,
UI-FP-065,UI,Wallet expanded detail A: Detail confirmed realized match,APPLIES,NOT_TESTED,,,,
UI-FP-066,UI,Wallet expanded detail A: Detail cumulative rejects/blocks/previews,APPLIES,NOT_TESTED,,,,
UI-FP-067,UI,Wallet expanded detail B Open Positions: Open coin,APPLIES,NOT_TESTED,,,,
UI-FP-068,UI,Wallet expanded detail B Open Positions: Open side,APPLIES,NOT_TESTED,,,,
UI-FP-069,UI,Wallet expanded detail B Open Positions: Open size,APPLIES,NOT_TESTED,,,,
UI-FP-070,UI,Wallet expanded detail B Open Positions: Open entry px,APPLIES,NOT_TESTED,,,,
UI-FP-071,UI,Wallet expanded detail B Open Positions: Open mark px,APPLIES,NOT_TESTED,,,,
UI-FP-072,UI,Wallet expanded detail B Open Positions: Open unrealized PnL,APPLIES,NOT_TESTED,,,,
UI-FP-073,UI,Wallet expanded detail B Open Positions: Open exposure,APPLIES,NOT_TESTED,,,,
UI-FP-074,UI,Wallet expanded detail B Open Positions: Open exchange match,APPLIES,NOT_TESTED,,,,
UI-FP-075,UI,Wallet expanded detail C Friction: Friction time,APPLIES,NOT_TESTED,,,,
UI-FP-076,UI,Wallet expanded detail C Friction: Friction coin,APPLIES,NOT_TESTED,,,,
UI-FP-077,UI,Wallet expanded detail C Friction: Friction side,APPLIES,NOT_TESTED,,,,
UI-FP-078,UI,Wallet expanded detail C Friction: Leader/ref px,APPLIES,NOT_TESTED,,,,
UI-FP-079,UI,Wallet expanded detail C Friction: Our fill px,APPLIES,NOT_TESTED,,,,
UI-FP-080,UI,Wallet expanded detail C Friction: Friction size,APPLIES,NOT_TESTED,,,,
UI-FP-081,UI,Wallet expanded detail C Friction: Diff $,APPLIES,NOT_TESTED,,,,
UI-FP-082,UI,Wallet expanded detail C Friction: Diff bps,APPLIES,NOT_TESTED,,,,
UI-FP-083,UI,Wallet expanded detail C Friction: Limit px,APPLIES,NOT_TESTED,,,,
UI-FP-084,UI,Wallet expanded detail C Friction: Fill-vs-limit bps,APPLIES,NOT_TESTED,,,,
UI-FP-085,UI,Wallet expanded detail C Friction: Friction OID,APPLIES,NOT_TESTED,,,,
UI-FP-086,UI,Real User Copy Positions / OWNED COPY POSITIONS: Owned wallet,APPLIES,NOT_TESTED,,,,
UI-FP-087,UI,Real User Copy Positions / OWNED COPY POSITIONS: Owned coin,APPLIES,NOT_TESTED,,,,
UI-FP-088,UI,Real User Copy Positions / OWNED COPY POSITIONS: Owned side,APPLIES,NOT_TESTED,,,,
UI-FP-089,UI,Real User Copy Positions / OWNED COPY POSITIONS: Owned signed size,APPLIES,NOT_TESTED,,,,
UI-FP-090,UI,Real User Copy Positions / OWNED COPY POSITIONS: Owned avg entry,APPLIES,NOT_TESTED,,,,
UI-FP-091,UI,Real User Copy Positions / OWNED COPY POSITIONS: Owned ledger/exchange,APPLIES,NOT_TESTED,,,,
UI-FP-092,UI,Real User Copy Positions / OWNED COPY POSITIONS: Owned exchange size,APPLIES,NOT_TESTED,,,,
UI-FP-093,UI,Real User Copy Positions / OWNED COPY POSITIONS: Owned last copy fill,APPLIES,NOT_TESTED,,,,
UI-FP-094,UI,Real User Copy Positions / OWNED COPY POSITIONS: Owned last updated,APPLIES,NOT_TESTED,,,,
UI-FP-095,UI,Real User Copy Positions / ACCOUNT-LEVEL ORPHAN EXCHANGE: Orphan coin,APPLIES,NOT_TESTED,,,,
UI-FP-096,UI,Real User Copy Positions / ACCOUNT-LEVEL ORPHAN EXCHANGE: Orphan exchange size,APPLIES,NOT_TESTED,,,,
UI-FP-097,UI,Real User Copy Positions / ACCOUNT-LEVEL ORPHAN EXCHANGE: Orphan entry px,APPLIES,NOT_TESTED,,,,
UI-FP-098,UI,Real User Copy Positions / ACCOUNT-LEVEL ORPHAN EXCHANGE: Orphan mark px,APPLIES,NOT_TESTED,,,,
UI-FP-099,UI,Real User Copy Positions / ACCOUNT-LEVEL ORPHAN EXCHANGE: Orphan unrealized PnL,APPLIES,NOT_TESTED,,,,
UI-FP-100,UI,Real User Copy Positions / ACCOUNT-LEVEL ORPHAN EXCHANGE: Orphan status,APPLIES,NOT_TESTED,,,,
UI-FP-101,UI,Real User Copy Positions / ACCOUNT-LEVEL ORPHAN EXCHANGE: Orphan context,APPLIES,NOT_TESTED,,,,
UI-FP-102,UI,Positions tab: Shared-symbol residual row visibility,APPLIES,NOT_TESTED,,,,
UI-FP-103,UI,Execution Quality table: Time,APPLIES,NOT_TESTED,,,,
UI-FP-104,UI,Execution Quality table: Wallet,APPLIES,NOT_TESTED,,,,
UI-FP-105,UI,Execution Quality table: Coin,APPLIES,NOT_TESTED,,,,
UI-FP-106,UI,Execution Quality table: Side,APPLIES,NOT_TESTED,,,,
UI-FP-107,UI,Execution Quality table: Status,APPLIES,NOT_TESTED,,,,
UI-FP-108,UI,Execution Quality table: Terminal state,APPLIES,NOT_TESTED,,,,
UI-FP-109,UI,Execution Quality table: Operator action,APPLIES,NOT_TESTED,,,,
UI-FP-110,UI,Execution Quality table: Reject category,APPLIES,NOT_TESTED,,,,
UI-FP-111,UI,Execution Quality table: OID,APPLIES,NOT_TESTED,,,,
UI-FP-112,UI,Execution Quality table: Fill avg px,APPLIES,NOT_TESTED,,,,
UI-FP-113,UI,Execution Quality table: Size,APPLIES,NOT_TESTED,,,,
UI-FP-114,UI,Execution Quality table: Pos before -> after,APPLIES,NOT_TESTED,,,,
UI-FP-115,UI,Execution Quality table: Leader?send ms,APPLIES,NOT_TESTED,,,,
UI-FP-116,UI,Execution Quality table: Total ms,APPLIES,NOT_TESTED,,,,
UI-FP-117,UI,Execution Quality table: Symbol ms,APPLIES,NOT_TESTED,,,,
UI-FP-118,UI,Execution Quality table: SDK ms,APPLIES,NOT_TESTED,,,,
UI-FP-119,UI,Execution Quality table: Exchange ms,APPLIES,NOT_TESTED,,,,
UI-FP-120,UI,Execution Quality table: Error,APPLIES,NOT_TESTED,,,,
UI-FP-121,UI,Order Intents / Audit table: Time,APPLIES,NOT_TESTED,,,,
UI-FP-122,UI,Order Intents / Audit table: Wallet,APPLIES,NOT_TESTED,,,,
UI-FP-123,UI,Order Intents / Audit table: Coin,APPLIES,NOT_TESTED,,,,
UI-FP-124,UI,Order Intents / Audit table: Side,APPLIES,NOT_TESTED,,,,
UI-FP-125,UI,Order Intents / Audit table: Source/Reason,APPLIES,NOT_TESTED,,,,
UI-FP-126,UI,Order Intents / Audit table: Status,APPLIES,NOT_TESTED,,,,
UI-FP-127,UI,Order Intents / Audit table: Decision,APPLIES,NOT_TESTED,,,,
UI-FP-128,UI,Order Intents / Audit table: Decision reason,APPLIES,NOT_TESTED,,,,
UI-FP-129,UI,Order Intents / Audit table: Suggested limit,APPLIES,NOT_TESTED,,,,
UI-FP-130,UI,Order Intents / Audit table: Diff %,APPLIES,NOT_TESTED,,,,
UI-FP-131,UI,Order Intents / Audit table: Manual?,APPLIES,NOT_TESTED,,,,
UI-FP-132,UI,Order Intents / Audit table: Intent note,APPLIES,NOT_TESTED,,,,
UI-FP-133,UI,Order Intents / Audit table: Real order result,APPLIES,NOT_TESTED,,,,
UI-FP-134,UI,Reconciliation / Actionable Critical Items: Event,APPLIES,NOT_TESTED,,,,
UI-FP-135,UI,Reconciliation / Actionable Critical Items: Status,APPLIES,NOT_TESTED,,,,
UI-FP-136,UI,Reconciliation / Actionable Critical Items: Action,APPLIES,NOT_TESTED,,,,
UI-FP-137,UI,Reconciliation / Actionable Critical Items: Reject category,APPLIES,NOT_TESTED,,,,
UI-FP-138,UI,Reconciliation / Actionable Critical Items: Terminal state,APPLIES,NOT_TESTED,,,,
UI-FP-139,UI,Reconciliation / Actionable Critical Items: Coin,APPLIES,NOT_TESTED,,,,
UI-FP-140,UI,Reconciliation / Actionable Critical Items: Wallet,APPLIES,NOT_TESTED,,,,
UI-FP-141,UI,Reconciliation / Actionable Critical Items: Intent,APPLIES,NOT_TESTED,,,,
UI-FP-142,UI,Reconciliation / Actionable Critical Items: Notes,APPLIES,NOT_TESTED,,,,
UI-FP-143,UI,Reconciliation / Warnings: Event,APPLIES,NOT_TESTED,,,,
UI-FP-144,UI,Reconciliation / Warnings: Status,APPLIES,NOT_TESTED,,,,
UI-FP-145,UI,Reconciliation / Warnings: Action,APPLIES,NOT_TESTED,,,,
UI-FP-146,UI,Reconciliation / Warnings: Reject category,APPLIES,NOT_TESTED,,,,
UI-FP-147,UI,Reconciliation / Warnings: Terminal state,APPLIES,NOT_TESTED,,,,
UI-FP-148,UI,Reconciliation / Warnings: Coin,APPLIES,NOT_TESTED,,,,
UI-FP-149,UI,Reconciliation / Warnings: Wallet,APPLIES,NOT_TESTED,,,,
UI-FP-150,UI,Reconciliation / Warnings: Intent,APPLIES,NOT_TESTED,,,,
UI-FP-151,UI,Reconciliation / Warnings: Notes,APPLIES,NOT_TESTED,,,,
UI-FP-152,UI,Reconciliation / Historical / Legacy Items: Status,APPLIES,NOT_TESTED,,,,
UI-FP-153,UI,Reconciliation / Historical / Legacy Items: Wallet,APPLIES,NOT_TESTED,,,,
UI-FP-154,UI,Reconciliation / Historical / Legacy Items: Coin,APPLIES,NOT_TESTED,,,,
UI-FP-155,UI,Reconciliation / Historical / Legacy Items: Intent,APPLIES,NOT_TESTED,,,,
UI-FP-156,UI,Reconciliation / Historical / Legacy Items: Issue,APPLIES,NOT_TESTED,,,,
UI-FP-157,UI,Reconciliation / Account-Level Orphan Context: Severity,APPLIES,NOT_TESTED,,,,
UI-FP-158,UI,Reconciliation / Account-Level Orphan Context: Wallet,APPLIES,NOT_TESTED,,,,
UI-FP-159,UI,Reconciliation / Account-Level Orphan Context: Coin,APPLIES,NOT_TESTED,,,,
UI-FP-160,UI,Reconciliation / Account-Level Orphan Context: Issue,APPLIES,NOT_TESTED,,,,
UI-FP-161,UI,Reconciliation / Account-Level Orphan Context: Manual ledger,APPLIES,NOT_TESTED,,,,
UI-FP-162,UI,Reconciliation / Account-Level Orphan Context: Exchange,APPLIES,NOT_TESTED,,,,
UI-FP-163,UI,Reconciliation / Account-Level Orphan Context: Action,APPLIES,NOT_TESTED,,,,
UI-FP-164,UI,WS Health Detail: Wallet,APPLIES,NOT_TESTED,,,,
UI-FP-165,UI,WS Health Detail: Current,APPLIES,NOT_TESTED,,,,
UI-FP-166,UI,WS Health Detail: Grade,APPLIES,NOT_TESTED,,,,
UI-FP-167,UI,WS Health Detail: Thread,APPLIES,NOT_TESTED,,,,
UI-FP-168,UI,WS Health Detail: Reconnect/min,APPLIES,NOT_TESTED,,,,
UI-FP-169,UI,WS Health Detail: Processed,APPLIES,NOT_TESTED,,,,
UI-FP-170,UI,WS Health Detail: Raw msg,APPLIES,NOT_TESTED,,,,
UI-FP-171,UI,WS Health Detail: Parsed,APPLIES,NOT_TESTED,,,,
UI-FP-172,UI,WS Health Detail: Snap seen,APPLIES,NOT_TESTED,,,,
UI-FP-173,UI,WS Health Detail: Snap recovered,APPLIES,NOT_TESTED,,,,
UI-FP-174,UI,WS Health Detail: Ignored,APPLIES,NOT_TESTED,,,,
UI-FP-175,UI,WS Health Detail: Recent errors,APPLIES,NOT_TESTED,,,,
UI-FP-176,UI,WS Health Detail: Lifetime errors,APPLIES,NOT_TESTED,,,,
UI-FP-177,UI,WS Health Detail: Stale ms,APPLIES,NOT_TESTED,,,,
UI-FP-178,UI,WS Health Detail: Data status,APPLIES,NOT_TESTED,,,,
UI-FP-179,UI,WS Health Detail: Last close/error,APPLIES,NOT_TESTED,,,,
UI-FP-180,UI,Controls: Max total live exposure,APPLIES,NOT_TESTED,,,,
UI-FP-181,UI,Controls: Max per-asset directional exposure,APPLIES,NOT_TESTED,,,,
UI-FP-182,UI,Controls: Max per-wallet exposure,APPLIES,NOT_TESTED,,,,
UI-FP-183,UI,Controls: Max per-order notional,APPLIES,NOT_TESTED,,,,
UI-FP-184,UI,Controls: Marketable slippage %,APPLIES,NOT_TESTED,,,,
UI-FP-185,UI,Controls: Adverse close diff %,APPLIES,NOT_TESTED,,,,
UI-FP-186,UI,Controls: Symbol allowlist,APPLIES,NOT_TESTED,,,,
UI-FP-187,UI,Controls: Symbol blocklist,APPLIES,NOT_TESTED,,,,
UI-FP-188,UI,Controls: Add wallet address,APPLIES,NOT_TESTED,,,,
UI-FP-189,UI,Controls: Add initial mode,APPLIES,NOT_TESTED,,,,
UI-FP-190,UI,Controls: Add copy model,APPLIES,NOT_TESTED,,,,
UI-FP-191,UI,Controls: Add norm base,APPLIES,NOT_TESTED,,,,
UI-FP-192,UI,Controls: Add fixed notional,APPLIES,NOT_TESTED,,,,
UI-FP-193,UI,Controls: Add leader equity base,APPLIES,NOT_TESTED,,,,
UI-FP-194,UI,Controls: Add max diff %,APPLIES,NOT_TESTED,,,,
UI-FP-195,UI,Controls: Add daily loss,APPLIES,NOT_TESTED,,,,
UI-FP-196,UI,Main/model dashboard: Normalised model dollar fields,APPLIES,NOT_TESTED,,,,
UI-FP-197,UI,Live-copy performance: Friction isolation from account truth,APPLIES,NOT_TESTED,,,,
ENG-018,ENGINE,Leaders trading opposite ways in one coin,APPLIES,FAIL,run3b,ab7f2b0,F3: 0x7019's short SELL 447 STABLE flattened 0x7717's long on the exchange while the ledger still showed long 447 (before Boss's netting ruling).,run3b@ab7f2b0:FAIL
ENG-019,ENGINE,Main loop keeps up with 10 very busy leaders,APPLIES,FAIL,run3b,ab7f2b0,"F1: main loop ran 4 cycles in ~3 min, each budget_exceeded, re-processing thousands of duplicate leader fills; copy-account poll starved.",run3b@ab7f2b0:FAIL
ORD-010,ORDER,Leader-to-send delay measured; stale entries take the missed-entry path,APPLIES,FAIL,run3b,ab7f2b0,F2: one send worker at ~3.5 s per order; leader-to-send delay rose from 7 s to 81 s (SLOW_QUEUE_WAIT CRITICAL); no stale-entry cutoff.,run3b@ab7f2b0:FAIL
SET-009,SETTLE,Ledger never diverges from the exchange,APPLIES,FAIL,run3b,ab7f2b0,"F1: 25 fills on the exchange, 4 in live_fills.csv; 20 positions the engine thought flat.",run3b@ab7f2b0:FAIL
ENG-017,ENGINE,Missed leader entry or add,APPLIES,NOT_TESTED,,,,
UI-DIFF-01,UI,Diffs are reported in the live UI,APPLIES,NOT_TESTED,,,,
UI-ROUTE-01,UI,Endpoint GET /,APPLIES,NOT_TESTED,,,,
UI-ROUTE-02,UI,Endpoint GET /model,APPLIES,NOT_TESTED,,,,
UI-ROUTE-03,UI,Endpoint GET /legacy-model,APPLIES,NOT_TESTED,,,,
UI-ROUTE-04,UI,Endpoint GET /api/model-cache-status,APPLIES,NOT_TESTED,,,,
UI-ROUTE-05,UI,Endpoint GET /api/state,APPLIES,NOT_TESTED,,,,
UI-ROUTE-06,UI,Endpoint GET /api/metrics,APPLIES,NOT_TESTED,,,,
UI-ROUTE-07,UI,Endpoint GET /api/trades/{wallet},APPLIES,NOT_TESTED,,,,
UI-ROUTE-08,UI,Endpoint GET /api/equity/{wallet},APPLIES,NOT_TESTED,,,,
UI-ROUTE-09,UI,Endpoint POST /api/wallet-include,APPLIES,NOT_TESTED,,,,
UI-ROUTE-10,UI,Endpoint POST /api/wallet-config,APPLIES,NOT_TESTED,,,,
UI-ROUTE-11,UI,Endpoint GET /wallet-meta/{wallet},APPLIES,NOT_TESTED,,,,
UI-ROUTE-12,UI,Endpoint POST /api/wallet-meta,APPLIES,NOT_TESTED,,,,
UI-ROUTE-13,UI,Endpoint POST /api/admin/purge-wallet,APPLIES,NOT_TESTED,,,,
UI-ROUTE-14,UI,Endpoint GET /wallet/{wallet},APPLIES,NOT_TESTED,,,,
UI-ROUTE-15,UI,Endpoint GET /api/ui-state,APPLIES,NOT_TESTED,,,,
UI-ROUTE-16,UI,Endpoint POST /api/ui-state,APPLIES,NOT_TESTED,,,,
UI-ROUTE-17,UI,Endpoint POST /api/norm,APPLIES,NOT_TESTED,,,,
UI-ROUTE-18,UI,Endpoint POST /api/set-wallet-mode,APPLIES,NOT_TESTED,,,,
UI-ROUTE-19,UI,Endpoint POST /api/set-all-modes,APPLIES,NOT_TESTED,,,,
UI-ROUTE-20,UI,Endpoint POST /api/reset-app-history,APPLIES,NOT_TESTED,,,,
UI-ROUTE-21,UI,Endpoint POST /api/snapshot,APPLIES,NOT_TESTED,,,,
UI-ROUTE-22,UI,Endpoint GET /sort/{column},APPLIES,NOT_TESTED,,,,
UI-ROUTE-23,UI,Endpoint GET /api/live-config,APPLIES,NOT_TESTED,,,,
UI-ROUTE-24,UI,Endpoint GET /live-copy,APPLIES,NOT_TESTED,,,,
UI-ROUTE-25,UI,Endpoint GET /live-copy.json,APPLIES,NOT_TESTED,,,,
UI-ROUTE-26,UI,Endpoint GET /api/live-copy-summary,APPLIES,NOT_TESTED,,,,
UI-ROUTE-27,UI,Endpoint GET /api/global-controls,APPLIES,PASS,run1,9eb2d40,GET /api/global-controls showed the exact configured limits and networks leader mainnet / follower testnet.,run1@9eb2d40:PASS
UI-ROUTE-28,UI,Endpoint POST /api/global-controls,APPLIES,NOT_TESTED,,,,
UI-ROUTE-29,UI,Endpoint GET /api/live-ws-health,APPLIES,NOT_TESTED,,,,
UI-ROUTE-30,UI,Endpoint GET /api/live-audit-summary,APPLIES,FAIL,run1,9eb2d40,U4: /api/live-audit-summary exchange snapshot = ACCOUNT_ADDRESS_UNAVAILABLE; UI could not show the follower account.,run1@9eb2d40:FAIL
UI-ROUTE-31,UI,Endpoint POST /api/live-config/add-wallet,APPLIES,NOT_TESTED,,,,
UI-ROUTE-32,UI,Endpoint POST /api/live-config/set-wallet,APPLIES,NOT_TESTED,,,,
UI-ROUTE-33,UI,Endpoint POST /api/live-config/remove-wallet,APPLIES,NOT_TESTED,,,,
UI-ROUTE-34,UI,Endpoint POST /api/live-config/set-mode,APPLIES,NOT_TESTED,,,,
UI-ROUTE-35,UI,Endpoint POST /api/manual-reconciliation/archive-ledger-row,APPLIES,NOT_TESTED,,,,
